,SiO2_Liq,TiO2_Liq,Al2O3_Liq,FeOt_Liq,MnO_Liq,MgO_Liq,CaO_Liq,Na2O_Liq,K2O_Liq,Cr2O3_Liq,P2O5_Liq,H2O_Liq,Fe3Fet_Liq,NiO_Liq,CoO_Liq,CO2_Liq,SiO2_Liq_mol_frac,MgO_Liq_mol_frac,MnO_Liq_mol_frac,FeOt_Liq_mol_frac,CaO_Liq_mol_frac,Al2O3_Liq_mol_frac,Na2O_Liq_mol_frac,K2O_Liq_mol_frac,TiO2_Liq_mol_frac,P2O5_Liq_mol_frac,Cr2O3_Liq_mol_frac,Si_Liq_cat_frac,Mg_Liq_cat_frac,Mn_Liq_cat_frac,Fet_Liq_cat_frac,Ca_Liq_cat_frac,Al_Liq_cat_frac,Na_Liq_cat_frac,K_Liq_cat_frac,Ti_Liq_cat_frac,P_Liq_cat_frac,Cr_Liq_cat_frac,Mg_Number_Liq_NoFe3,Mg_Number_Liq_Fe3,SiO2_Cpx,TiO2_Cpx,Al2O3_Cpx,FeOt_Cpx,MnO_Cpx,MgO_Cpx,CaO_Cpx,Na2O_Cpx,K2O_Cpx,Cr2O3_Cpx,Si_Cpx_cat_6ox,Mg_Cpx_cat_6ox,Fet_Cpx_cat_6ox,Ca_Cpx_cat_6ox,Al_Cpx_cat_6ox,Na_Cpx_cat_6ox,K_Cpx_cat_6ox,Mn_Cpx_cat_6ox,Ti_Cpx_cat_6ox,Cr_Cpx_cat_6ox,oxy_renorm_factor,Al_IV_cat_6ox,Al_VI_cat_6ox,En_Simple_MgFeCa_Cpx,Fs_Simple_MgFeCa_Cpx,Wo_Simple_MgFeCa_Cpx,Cation_Sum_Cpx,Ca_CaMgFe,Lindley_Fe3_Cpx,Lindley_Fe2_Cpx,Lindley_Fe3_Cpx_prop,CrCaTs,a_cpx_En,Mgno_Cpx,Jd,"Jd_from 0=Na, 1=Al",CaTs,CaTi,DiHd_1996,EnFs,DiHd_2003,Di_Cpx,FeIII_Wang21,FeII_Wang21,Kd_Fe_Mg_Fe2,Kd_Fe_Mg_Fe2_Lind,Kd_Fe_Mg_Fet,lnK_Jd_liq,lnK_Jd_DiHd_liq_1996,lnK_Jd_DiHd_liq_2003,Kd_Fe_Mg_IdealWB,Mgno_Liq_noFe3,Mgno_Liq_Fe2,DeltaFeMg_WB,Sample_ID_Liq,Sample_ID_Cpx,P_kbar,T_K,
0,59.63440107,0.416253139,21.23152357,2.32504151,0.136578855,0.196353462,2.566119543,4.347977806,9.114560502,0,0.031190537,5.15,0,0,0,0,0.680731789,0.003341383,0.001320528,0.022195548,0.03138551,0.142819415,0.048115348,0.066365664,0.003574096,0.000150719,0,0.541358438,0.002657267,0.001050163,0.017651221,0.024959626,0.227157,0.076528377,0.105555853,0.002842334,0.000239721,0,0.130841333,0.130841333,41.69875,1.63725,9.73225,14.2835,0.51875,6.1915,22.08125,0.44775,0.2305,0,1.680040675,0.371878596,0.481268451,0.95322089,0.462132947,0.034976753,0.011847487,0.01770272,0.049618226,0,0,0.319959325,0.142173622,0.205870902,0.266428805,0.527700293,4.062686745,0.527700293,0.113526004,0.367742448,0.235889145,0,-3.36E-05,0.435882172,0.034976753,0,0.107196869,0.106381228,0.739642793,0.056752128,0.739642793,0.315849339,0.113526004,0.367742448,0.194825865,0.148868558,0.194825865,1.926483243,-6.586488269,-6.586488269,0.190074084,0.130841333,0.130841333,0.004751781,0,0,2,1123.15,850
1,58.87546212,0.258163354,22.46864208,2.112426351,0.167905454,0.138547069,2.273933713,4.186658051,9.504645041,0,0.013616761,5.05,0,0,0,0,0.676814877,0.002374332,0.001634879,0.02030828,0.028008284,0.152208643,0.046657364,0.069694742,0.002232336,6.63E-05,0,0.533501865,0.001871576,0.001288699,0.016008078,0.022077635,0.239958067,0.073555684,0.109874283,0.001759648,0.000104465,0,0.104673177,0.104673177,41.95975,2.28825,8.72175,16.63075,0.726,4.84,21.6805,0.8235,0.30325,0,1.692602554,0.291055632,0.561034966,0.937053808,0.414650935,0.064406966,0.015605635,0.024805264,0.06943126,0,0,0.307397446,0.107253489,0.16267867,0.313577241,0.52374409,4.070647019,0.52374409,0.125688403,0.435346562,0.224029537,0,-0.012845344,0.341570757,0.064406966,0,0.042846523,0.132275461,0.761931824,0.045079387,0.761931824,0.252897246,0.125688403,0.435346562,0.225362805,0.17487488,0.225362805,2.551055581,-6.27091369,-6.27091369,0.172532161,0.104673177,0.104673177,0.052830644,1,1,2,1123.15,
2,58.81685796,0.397002172,20.61077294,2.461251377,0.133674233,0.183362231,2.878969118,4.708307043,9.773376665,0,0.036426265,3.52,0,0,0,0,0.671390039,0.003120265,0.001292427,0.023495519,0.035211394,0.138641827,0.052102072,0.07116169,0.003408752,0.000176016,0,0.531970386,0.002472316,0.001024044,0.018616481,0.027899459,0.219703427,0.082565298,0.112768762,0.002700897,0.00027893,0,0.11723018,0.11723018,43.7395,2.157,8.3585,12.4355,0.44625,7.50475,22.56925,0.49475,0.2185,0,1.723532133,0.440849493,0.409793265,0.952874783,0.388177924,0.037798843,0.010983874,0.014893917,0.063933016,0,0,0.276467867,0.111710057,0.244438705,0.227218896,0.528342398,4.042837248,0.528342398,0.074690622,0.335102643,0.182264153,0,-0.00129537,0.518246225,0.037798843,0,0.073911213,0.101278327,0.777685243,0.036478757,0.777685243,0.396103545,0.074690622,0.335102643,0.123447112,0.100947129,0.123447112,1.996500653,-6.452562121,-6.452562121,0.205393798,0.11723018,0.11723018,0.081946686,2,2,2,1173.15,
3,58.65291073,0.539009079,20.16148179,2.885844962,0.155706737,0.207188322,3.110597017,5.0391513,9.183408435,0,0.064701634,2.66,0,0,0,0,0.667294927,0.003514003,0.001500447,0.027457263,0.037917975,0.135169162,0.055577985,0.066643945,0.004612685,0.000311608,0,0.530566506,0.002793985,0.001193006,0.021831283,0.0301486,0.214946127,0.088380163,0.105977263,0.003667548,0.00049552,0,0.113456729,0.113456729,43.8626,1.5372,9.2658,13.1532,0.5062,7.1614,22.5954,0.587,0.3328,0,1.714340347,0.417262305,0.429922419,0.946228109,0.42681779,0.04448237,0.01659375,0.016757528,0.0451921,0,0,0.285659653,0.141158137,0.232663833,0.239723064,0.527613103,4.057596717,0.527613103,0.098599685,0.331322734,0.229342971,0,-0.005522384,0.492519777,0.04448237,0,0.096675767,0.094491943,0.755060399,0.046062162,0.755060399,0.364675118,0.098599685,0.331322734,0.131863856,0.101621807,0.131863856,2.118433167,-6.07382825,-6.07382825,0.200608679,0.113456729,0.113456729,0.068744823,3,3,2,1173.15,
4,59.29713276,0.509095277,20.93853931,2.629347588,0.157388677,0.348786497,3.733462075,3.858392123,8.448561585,0,0.079294106,5.33,0,0,0,0,0.673568345,0.005906309,0.001514281,0.024977673,0.045439428,0.140159092,0.042488508,0.061215203,0.004349872,0.000381289,0,0.541347432,0.004746906,0.001217029,0.020074576,0.036519706,0.225291955,0.068296097,0.098397418,0.003495996,0.000612885,0,0.191236664,0.191236664,44.18133333,1.537666667,7.74,12.00333333,0.414666667,8.789333333,22.47166667,0.469,0.168666667,0,1.738384277,0.51555078,0.394970653,0.94736075,0.358925937,0.035778897,0.008466322,0.013819465,0.045509141,0,0,0.261615723,0.097310215,0.277493796,0.212591873,0.509914331,4.058766222,0.509914331,0.109066123,0.28590453,0.276137282,0,0.006701915,0.566206671,0.035778897,0,0.061531318,0.100042203,0.78578723,0.062367101,0.78578723,0.438272525,0.109066123,0.28590453,0.181158031,0.131133545,0.181158031,2.071251768,-5.921016102,-5.921016102,0.214314441,0.191236664,0.191236664,0.033156409,4,4,2,1173.15,
5,58.35510011,0.462516979,20.88956745,2.451233544,0.104144973,0.357428967,3.910420711,4.428206425,8.991180969,0,0.050199879,3.55,0,0,0,0,0.663706674,0.006060321,0.001003277,0.023315141,0.04765341,0.140008284,0.048825013,0.06522929,0.003956895,0.000241694,0,0.529143275,0.00483162,0.000799867,0.018588106,0.037991906,0.223244529,0.077851943,0.104008718,0.003154653,0.000385383,0,0.206300095,0.206300095,42.08466667,1.619666667,10.43266667,13.46333333,0.432333333,6.958666667,23.642,0.488,0.144333333,0,1.650972334,0.406958836,0.441697048,0.993741102,0.482356517,0.037117854,0.00722339,0.014365467,0.047793741,0,0,0.349027666,0.133328851,0.220885531,0.239740431,0.539374038,4.08222629,0.539374038,0.157229189,0.284467859,0.35596613,0,-0.028053404,0.479525057,0.037117854,0,0.096210996,0.126408335,0.771121771,0.038767057,0.771121771,0.36362347,0.157229189,0.284467859,0.282118535,0.181693892,0.282118535,2.031768896,-6.005872967,-6.005872967,0.198191661,0.206300095,0.206300095,0.083926875,5,5,2,1173.15,
6,59.14413668,0.51650976,20.33117308,2.461736022,0.129722707,0.392850109,4.168197354,4.181176702,8.609485021,0,0.065012559,4.05,0,0,0,0,0.669760541,0.006631981,0.001244254,0.023313385,0.050574229,0.135674184,0.045901146,0.062189001,0.004399627,0.000311652,0,0.538359835,0.005330849,0.001000143,0.018739519,0.040652042,0.218112375,0.073791547,0.09997621,0.003536462,0.000501018,0,0.221463603,0.221463603,44.307,1.562,8.965,11.188,0.396,7.6825,21.9075,0.5735,0.4695,0,1.745680221,0.451235709,0.368638591,0.92482232,0.416293428,0.043809965,0.023598613,0.013215167,0.04629167,0,0,0.254319779,0.161973649,0.258632764,0.211290941,0.530076295,4.033585684,0.530076295,0.043572755,0.325065836,0.118199115,0,0.005890137,0.550363551,0.043809965,0,0.118163684,0.068078048,0.738580588,0.040646856,0.738580588,0.400045791,0.043572755,0.325065836,0.232399552,0.204930131,0.232399552,2.239818192,-5.625092928,-5.625092928,0.211367621,0.221463603,0.221463603,0.021031931,6,6,2,1173.15,
7,57.77974659,0.51799089,20.54178544,2.720208716,0.150880267,0.302607398,3.297438807,4.970798513,9.650347758,0,0.068195624,4.2,0,0,0,0,0.659100408,0.005145932,0.001457785,0.025949809,0.040301929,0.138083268,0.054969179,0.070217838,0.004444547,0.000329305,0,0.521605431,0.004072439,0.001153676,0.020536418,0.031894541,0.218555417,0.08700411,0.111139382,0.00351737,0.000521217,0,0.165482097,0.165482097,44.82428571,1.727571429,8.550857143,12.53928571,0.459857143,8.333142857,23.04471429,0.561285714,0.227142857,0,1.72353286,0.477665157,0.403213424,0.94940312,0.387500936,0.041844397,0.011142017,0.014976635,0.049965666,0,0,0.27646714,0.111033797,0.260979038,0.220301292,0.51871967,4.059244213,0.51871967,0.107346409,0.295867015,0.266227269,0,-0.001863254,0.542251638,0.041844397,0,0.0691894,0.10363887,0.77657485,0.052151865,0.77657485,0.414065511,0.107346409,0.295867015,0.167394539,0.122829548,0.167394539,2.090405938,-6.108388826,-6.108388826,0.209858805,0.165482097,0.165482097,0.042464266,7,7,2,1173.15,
8,58.80831924,0.528442555,20.45290193,2.424088741,0.123811046,0.322235291,3.365860909,4.414931579,9.508641419,0,0.050767288,3.55,0,0,0,0,0.669463317,0.005468518,0.001193803,0.0230777,0.041054174,0.13720498,0.048722452,0.069045445,0.004524966,0.000244646,0,0.533344465,0.00435663,0.000951072,0.018385419,0.03270682,0.218615463,0.077631886,0.110013514,0.003604925,0.000389806,0,0.191561996,0.191561996,43.57433333,1.782,8.111333333,12.54866667,0.514666667,7.828333333,22.53233333,0.543333333,0.180333333,0,1.7251047,0.462021901,0.415468674,0.955793364,0.378472101,0.041705967,0.009107921,0.017258215,0.053066675,0,0,0.2748953,0.103576801,0.252018736,0.226625383,0.521355881,4.057999518,0.521355881,0.106891115,0.308577559,0.257278398,0,-0.005189051,0.526518012,0.041705967,0,0.061870834,0.106512233,0.787410296,0.045040139,0.787410296,0.406595467,0.106891115,0.308577559,0.213084991,0.158262826,0.213084991,2.156282508,-6.065598582,-6.065598582,0.20693235,0.191561996,0.191561996,0.006152641,8,8,2,1173.15,
9,58.65973995,0.526532609,20.17247111,2.798561652,0.147507779,0.542523027,4.382907666,4.161642919,8.5348948,0,0.073218493,2.8,0,0,0,0,0.663399882,0.009146648,0.001412978,0.026468305,0.053109317,0.134437763,0.045626506,0.061568982,0.004479092,0.000350527,0,0.534145368,0.007364547,0.001137678,0.021311313,0.042761683,0.216488759,0.073473594,0.099146194,0.003606402,0.000564463,0,0.256814073,0.256814073,46.25175,1.3905,7.16375,9.724,0.3955,9.87025,22.894,0.50025,0.32225,0,1.782782105,0.567161569,0.313451997,0.945507355,0.325437379,0.037385598,0.01584607,0.012912244,0.040315362,0,0,0.217217895,0.108219484,0.310582702,0.171649091,0.517768207,4.040799677,0.517768207,0.065753285,0.247698712,0.209771467,0,0.001022231,0.644045069,0.037385598,0,0.070833886,0.073192005,0.801481464,0.039566051,0.801481464,0.508736827,0.065753285,0.247698712,0.190985367,0.150922087,0.190985367,2.108750634,-5.627942889,-5.627942889,0.228792383,0.256814073,0.256814073,0.037807015,9,9,2,1198.15,
10,58.06708277,0.520603372,20.47141415,2.852295201,0.146155187,0.51449249,4.446083712,4.19356733,8.713174675,0,0.075131114,3.25,0,0,0,0,0.65822922,0.008694302,0.001403287,0.027039435,0.054000517,0.136748293,0.046083761,0.063001678,0.004438984,0.000360522,0,0.528191506,0.006976683,0.001126058,0.021697609,0.043332343,0.219465453,0.073959193,0.101110525,0.003562032,0.000578598,0,0.243301796,0.243301796,46.237,1.243,6.31975,9.532,0.363,9.98625,23.25725,0.37875,0.18975,0,1.800392381,0.579680242,0.310397022,0.970306668,0.290024263,0.028594157,0.009425792,0.011972071,0.036406432,0,0,0.199607619,0.090416645,0.311591727,0.16684568,0.521562593,4.037199029,0.521562593,0.064972267,0.245424756,0.209319877,0,-0.006960868,0.651261989,0.028594157,0,0.061822488,0.068892566,0.839591615,0.025242825,0.839591615,0.539543295,0.064972267,0.245424756,0.172173444,0.13613412,0.172173444,1.842842072,-5.94952125,-5.94952125,0.23013473,0.243301796,0.243301796,0.057961286,10,10,2,1198.15,
11,57.9147039,0.479531162,19.85748125,3.25120386,0.134755395,0.464577347,4.768096216,4.472308062,8.551148836,0,0.106193974,2.2,0,0,0,0,0.654798276,0.007830424,0.001290476,0.030741063,0.057761283,0.132303023,0.049019349,0.06166968,0.004078167,0.000508258,0,0.526576689,0.006297082,0.001037777,0.024721396,0.046450558,0.212791299,0.078840912,0.099187238,0.003279587,0.000817463,0,0.203005273,0.203005273,47.57142146,1.039148225,6.62898141,11.37083043,0.278413298,9.076861709,23.02399548,0.498006885,0.182341104,0,1.818363313,0.517224152,0.363481833,0.942949337,0.29863331,0.036907703,0.008891554,0.009013836,0.029877311,0,0,0.181636687,0.116996624,0.283619468,0.199314985,0.517065547,4.025342349,0.517065547,0.041793144,0.321688689,0.114980008,0,0.009313731,0.58727547,0.036907703,0,0.080088921,0.050773883,0.812086533,0.034309726,0.812086533,0.472093303,0.041793144,0.321688689,0.179007115,0.158424875,0.179007115,2.071148244,-5.54595897,-5.54595897,0.218233237,0.203005273,0.203005273,0.039226123,11,11,2,1223.15,
12,58.62045191,0.531755227,20.46263775,3.169617068,0.163853976,0.409538844,3.840022049,4.068742472,8.657598707,0,0.075781998,3.33,0,0,0,0,0.665445406,0.006930537,0.001575453,0.030090268,0.046705726,0.136883722,0.044775517,0.0626887,0.004540509,0.000364162,0,0.534617929,0.005567984,0.001265717,0.02417448,0.037523316,0.21994439,0.071945179,0.100728032,0.003647838,0.000585135,0,0.187201471,0.187201471,46.8958,1.192,5.8324,10.7206,0.492,9.7082,22.3414,0.4724,0.1816,0,1.824004494,0.562910326,0.348712119,0.931055298,0.267359839,0.035624517,0.009010862,0.016208476,0.034873672,0,0,0.175995506,0.091364333,0.305484954,0.189242053,0.505272993,4.029759603,0.505272993,0.050508345,0.298203775,0.144842527,0,0.020517127,0.617473973,0.035624517,0,0.055739817,0.060127845,0.815187636,0.048217404,0.815187636,0.494570215,0.050508345,0.298203775,0.142681833,0.122015436,0.142681833,2.063916064,-5.782125094,-5.782125094,0.223850159,0.187201471,0.187201471,0.081168326,12,12,2,1223.15,
13,60.35750891,0.496917139,16.89225822,4.905199045,0.133838537,1.921411822,4.360008121,4.189827077,6.439734218,0,0.303296913,3.29,0,0,0,0,0.665206971,0.031568539,0.001249372,0.045210375,0.051485617,0.109708459,0.044765014,0.045271197,0.004119447,0.001415008,0,0.553803948,0.026281718,0.001040138,0.037638939,0.042863258,0.182670899,0.074536325,0.075379148,0.003429558,0.00235607,0,0.411153485,0.411153485,51.51966667,0.513333333,2.830666667,9.139333333,0.272,13.613,20.57933333,0.331666667,0.104666667,0,1.939002481,0.763778995,0.287657586,0.829869414,0.125559902,0.024202169,0.005025419,0.008670804,0.014532297,0,0,0.060997519,0.064562382,0.405983395,0.152903136,0.441113469,3.998299065,0.441113469,0,0.287657586,0,0,0.129997988,0.726408067,0.024202169,0,0.040360214,0.010318653,0.779190547,0.136123017,0.779190547,0.561385933,-0.008427288,0.296084875,0.262981075,0.262981075,0.262981075,1.757113843,-5.075128575,-5.075128575,0.2441119,0.411153485,0.411153485,0.018869174,13,13,2,1273.15,
14,66.97504745,0.385711091,18.79231323,2.418934477,0.086711475,0.626683164,2.190849794,2.384735165,6.002959059,0,0.136055094,4.91,0,0,0,0,0.744864458,0.010390126,0.000816819,0.022498021,0.026106579,0.123160483,0.025711151,0.042585147,0.003226679,0.000640537,0,0.624835277,0.008715837,0.000685195,0.018872638,0.021899704,0.206628236,0.043135993,0.071445755,0.002706725,0.001074639,0,0.315915889,0.315915889,46.11,0.53575,6.3065,12.79875,0.29875,9.188,21.68225,0.50825,0.12475,0,1.81259017,0.538435927,0.420753801,0.913233811,0.292179548,0.038737271,0.006256099,0.009947124,0.015841495,0,0,0.18740983,0.104769719,0.287560969,0.224710805,0.487728226,4.047975246,0.487728226,0.089694393,0.331059408,0.21317548,0,0.034730488,0.561336325,0.038737271,0,0.066032447,0.060688691,0.786512672,0.086338528,0.786512672,0.436973043,0.089694393,0.331059408,0.36088638,0.283954253,0.36088638,2.409812954,-5.702214368,-5.702214368,0.213408556,0.315915889,0.315915889,0.147477824,14,14,2,1173.15,
15,62.39801391,0.499932877,17.75647935,3.276130328,0.083340452,1.12415847,3.126979148,4.755111414,6.764417963,0,0.215436091,6.84,0,0,0,0,0.69261785,0.018601972,0.000783545,0.030411657,0.03718956,0.116146652,0.051168272,0.047894086,0.004174112,0.001012294,0,0.569483406,0.015294891,0.000644245,0.025005035,0.030577954,0.190995917,0.084143029,0.078758835,0.003432033,0.001664655,0,0.379518661,0.379518661,49.82625,0.3925,2.863,8.38575,0.31775,13.77025,21.81025,0.415,0.11675,0,1.904672952,0.784716135,0.268077347,0.893297239,0.128985376,0.030757954,0.005693478,0.010288046,0.011285774,0,0,0.095327048,0.033658329,0.403226903,0.137751721,0.459021375,4.037774302,0.459021375,0.069855125,0.198222221,0.260578248,0,0.064440251,0.745359345,0.030757954,0,0.002900374,0.046213337,0.844183528,0.104304977,0.844183528,0.623136061,0.069855125,0.198222221,0.208961585,0.154510741,0.208961585,1.775185057,-5.880362467,-5.880362467,0.247636838,0.379518661,0.379518661,0.038675254,15,15,2,1223.15,
16,62.41105682,0.483285986,18.4337564,2.492060164,0.069139225,0.782482312,2.456996859,5.195159374,7.351380156,0,0.324682708,4.51,0,0,0,0,0.697782201,0.013041917,0.000654739,0.023300909,0.029433106,0.121450446,0.056308553,0.052427093,0.004064359,0.001536678,0,0.566509135,0.010588354,0.000531563,0.018917333,0.023895885,0.197204191,0.091430563,0.085128073,0.003299735,0.002495169,0,0.358850395,0.358850395,49.0494,0.6566,4.5166,11.1146,0.3094,11.761,20.6224,0.4466,0.1362,0,1.877165728,0.670998753,0.355728572,0.84563171,0.20372178,0.033138647,0.006649738,0.010029386,0.018901631,0,0,0.122834272,0.080887508,0.358370772,0.189989508,0.45163972,4.021965944,0.45163972,0.03728215,0.318446422,0.104805049,0,0.100629219,0.653524037,0.033138647,0,0.047748861,0.037542706,0.760340143,0.133193591,0.760340143,0.492099335,0.03728215,0.318446422,0.296732827,0.265633728,0.296732827,1.745160111,-6.37459593,-6.37459593,0.230555471,0.358850395,0.358850395,0.066177356,16,16,2,1223.15,
17,63.51651926,0.466734049,18.19215889,2.604928882,0.071061988,0.845444708,2.648827782,4.759780937,6.587734843,0,0.306808662,2.4,0,0,0,0,0.706749337,0.014024018,0.000669732,0.024239887,0.031579524,0.119286111,0.051343187,0.046756649,0.003906409,0.001445146,0,0.57985831,0.011506121,0.000549487,0.019887814,0.02590968,0.195738543,0.084249881,0.076723754,0.003205045,0.002371364,0,0.366500012,0.366500012,49.398,0.647166667,4.8895,11.53616667,0.320666667,11.41566667,21.26033333,0.4245,0.151833333,0,1.868322259,0.643653666,0.3648883,0.861560199,0.21795347,0.031129149,0.00732602,0.010272623,0.018411452,0,0,0.131677741,0.086275729,0.344181017,0.195116773,0.460702209,4.023517138,0.460702209,0.039708257,0.325180043,0.108823048,0,0.08716617,0.638194451,0.031129149,0,0.05514658,0.03826558,0.768148039,0.120196963,0.768148039,0.485290755,0.039708257,0.325180043,0.327981677,0.292289711,0.327981677,1.725275976,-6.215173373,-6.215173373,0.227704168,0.366500012,0.366500012,0.100277509,17,17,2,1223.15,
18,64.5890992,0.351832722,18.19689669,2.991335126,0.093665502,0.708661275,2.107468821,4.042477865,6.715130057,0,0.203432737,2.97,0,0,0,0,0.719569427,0.011769573,0.000883849,0.027869844,0.025156358,0.119464185,0.043659451,0.047719562,0.002948351,0.0009594,0,0.593800862,0.009712451,0.000729367,0.022998667,0.020759452,0.197167732,0.072057034,0.078757979,0.002433029,0.001583426,0,0.296908928,0.296908928,48.68533333,0.548,4.467,11.51166667,0.340333333,11.44066667,20.38,0.468666667,0.175666667,0,1.878952249,0.658229699,0.37154532,0.84274253,0.203184448,0.035069437,0.008648992,0.011125184,0.015908441,0,0,0.121047751,0.082136697,0.351521244,0.198420207,0.450058548,4.0254063,0.450058548,0.042163608,0.329381712,0.113481737,0,0.099522483,0.639189875,0.035069437,0,0.04706726,0.036990245,0.758685024,0.135544997,0.758685024,0.479766469,0.042163608,0.329381712,0.238374889,0.211323693,0.238374889,1.945995085,-6.115052741,-6.115052741,0.227889317,0.296908928,0.296908928,0.010485572,18,18,2,1223.15,
19,62.02780263,0.458938142,17.9441408,3.163844452,0.087587033,1.176364878,3.147458681,4.971262011,6.781060277,0,0.241541088,6.21,0,0,0,0,0.688889215,0.01947662,0.000823925,0.029385569,0.037453824,0.117439063,0.053523781,0.048038467,0.003833952,0.001135584,0,0.564599938,0.015962651,0.000675273,0.02408383,0.030696411,0.192501454,0.087734059,0.078742749,0.003142231,0.001861405,0,0.398595087,0.398595087,51.7065,0.2715,1.96375,8.9415,0.345,14.80825,20.548,0.43925,0.18975,0,1.942616382,0.829381204,0.280936573,0.827150618,0.08695309,0.031996378,0.009094571,0.010978579,0.007672576,0,0,0.057383618,0.029569472,0.428074701,0.145001887,0.426923412,4.026779971,0.426923412,0.044465371,0.236471202,0.158275479,0,0.123322992,0.746970112,0.029569472,1,0,0.028691809,0.798458809,0.155929484,0.798458809,0.59059028,0.044465371,0.236471202,0.224508904,0.188974649,0.224508904,1.703359623,-5.916168234,-5.916168234,0.247936441,0.398595087,0.398595087,0.023427537,19,19,2,1248.15,
20,61.45684114,0.484504123,17.44420204,3.652547768,0.122504865,1.378277228,3.761859043,4.806361785,6.517541157,0,0.375360846,4.57,0,0,0,0,0.680432557,0.022748878,0.001148824,0.033819466,0.044626262,0.113813264,0.051587971,0.046028538,0.004034984,0.001759257,0,0.560862767,0.018751305,0.000946945,0.027876502,0.036784261,0.187626596,0.085045232,0.075880241,0.003325932,0.002900219,0,0.402140523,0.402140523,51.14983333,0.424,2.588166667,7.534,0.205833333,14.35283333,21.5725,0.431833333,0.129166667,0,1.930187277,0.807423552,0.237758929,0.872225621,0.115107701,0.031595012,0.006218193,0.006578942,0.012035124,0,0,0.069812723,0.045294978,0.421101565,0.124000169,0.454898266,4.019130351,0.454898266,0.032042509,0.20571642,0.134768899,0,0.083082701,0.772513347,0.031595012,0,0.013699966,0.028056378,0.830469277,0.107356602,0.830469277,0.637540452,0.032042509,0.20571642,0.198074538,0.17138025,0.198074538,1.839675533,-5.499361593,-5.499361593,0.252687482,0.402140523,0.402140523,0.054612945,20,20,2,1273.15,
21,61.83040815,0.462721886,17.66923749,3.813611116,0.080432813,1.370598104,3.62031307,4.618113069,6.182362759,0,0.352201549,1.73,0,0,0,0,0.684419688,0.022617211,0.000754117,0.035303095,0.042937786,0.115256415,0.049556666,0.043651926,0.003852742,0.001650354,0,0.565582183,0.018690128,0.000623178,0.02917333,0.03548239,0.190488311,0.081904037,0.072145065,0.003183781,0.002727597,0,0.390480511,0.390480511,49.838,0.422,4.25025,10.16,0.267,12.635,21.27475,0.471,0.136,0,1.883978258,0.712031279,0.321192194,0.86169363,0.189359314,0.034520997,0.006558624,0.008548928,0.011999336,0,0,0.116021742,0.073337572,0.375758537,0.169501977,0.454739486,4.02988256,0.454739486,0.053206496,0.267985699,0.165653141,0,0.086024335,0.689128638,0.034520997,0,0.038816575,0.038602584,0.784274471,0.124474501,0.784274471,0.536036426,0.053206496,0.267985699,0.288996234,0.2411231,0.288996234,1.93398324,-5.340941552,-5.340941552,0.237177927,0.390480511,0.390480511,0.051818307,21,21,2,1273.15,
22,60.05,0.57,16.8,4.98,0.11,2.17,4.5,4.12,6.38,0,0.32,3.4,0,0,0,0,0.660672399,0.035591102,0.001025064,0.045820359,0.053046753,0.108920432,0.043942778,0.044773637,0.004717126,0.001490351,0,0.550961066,0.029680839,0.000854842,0.038211425,0.044237803,0.181666185,0.073291271,0.074677044,0.0039338,0.002485726,0,0.437167349,0.437167349,51.521,0.426333333,2.759333333,7.560666667,0.264,14.611,22.34033333,0.450666667,0.099,0,1.916155134,0.810092981,0.235159468,0.890244232,0.120950444,0.032497426,0.004697212,0.008316401,0.011926833,0,0,0.083844866,0.037105577,0.41854527,0.121498254,0.459956475,4.03004013,0.459956475,0.055383048,0.17977642,0.235512728,0,0.066823538,0.775015542,0.032497426,0,0.004608152,0.039618357,0.846017722,0.099617363,0.846017722,0.650506152,0.055383048,0.17977642,0.225481306,0.172377588,0.225481306,2.084486051,-4.748490008,-4.748490008,0.253152891,0.437167349,0.437167349,0.027671585,22,22,2,1273.15,
23,52.56761607,0.730412349,19.22425971,5.88,0.159386402,1.922183235,7.46005667,2.720143706,8.899594793,0,0.433470886,2,0,0,0,0,0.591618849,0.032249802,0.001519358,0.055342279,0.089957832,0.127497088,0.029677869,0.063888471,0.006183314,0.002065138,0,0.483693101,0.026366649,0.00124219,0.045246494,0.073547324,0.208477001,0.048527799,0.104467303,0.005055326,0.003376812,0,0.368173936,0.368173936,43.476375,1.324625,9.1845,11.3555,0.196125,9.9025,23.435375,0.303625,0.14925,0,1.681798327,0.571049804,0.36735237,0.971327386,0.418728985,0.022772214,0.007365351,0.00642597,0.038542778,0,0,0.318201673,0.100527312,0.299021294,0.19235832,0.508620386,4.085363185,0.508620386,0.163361019,0.203991351,0.444698421,0,-0.001136168,0.608526229,0.022772214,0,0.077755098,0.120223287,0.773349001,0.082526586,0.773349001,0.467408595,0.163361019,0.203991351,0.374868432,0.208165032,0.374868432,2.263940166,-4.177947196,-4.177947196,0.222185879,0.368173936,0.368173936,0.152682553,23,23,3,1273.15,
24,54.40419522,0.499450441,20.83318921,4.05,0.131446758,0.914458444,5.07693912,3.27943718,10.39728504,0,0.409339141,2.22,0,0,0,0,0.622884248,0.015608008,0.001274706,0.038778051,0.062280207,0.140558669,0.036399165,0.075931758,0.004301271,0.001983918,0,0.496372139,0.012437913,0.001015804,0.03090196,0.049630666,0.224020458,0.058012484,0.121018983,0.003427653,0.00316194,0,0.286978622,0.286978622,43.355,1.437571429,9.407,12.64657143,0.246714286,8.304857143,22.86885714,0.319714286,0.190857143,0,1.693518951,0.483605891,0.413123277,0.957124577,0.433070827,0.024213638,0.009510817,0.008162633,0.042238625,0,0,0.306481049,0.126589778,0.26086518,0.222845669,0.516289152,4.064569237,0.516289152,0.119627658,0.293495619,0.289568912,0,0.007015153,0.539291534,0.024213638,0,0.10237614,0.102052454,0.752695982,0.072016593,0.752695982,0.402267111,0.119627658,0.293495619,0.343834607,0.244270794,0.343834607,2.02313442,-5.235458999,-5.235458999,0.209308225,0.286978622,0.286978622,0.134526382,24,24,3,1223.15,
25,55.32133048,0.41342214,21.19669792,2.83,0.123065195,0.495251948,4.208145975,3.688751029,11.15972708,0,0.56490343,2.89,0,0,0,0,0.637527381,0.008508264,0.001201231,0.027273989,0.051960122,0.143946582,0.041210009,0.082032953,0.003583682,0.002755788,0,0.502011673,0.006699709,0.000945892,0.021476506,0.040915243,0.226697288,0.064900446,0.129191314,0.002821918,0.004340011,0,0.23777283,0.23777283,42.83642857,1.502142857,10.74842857,13.254,0.256714286,6.894428571,22.236,0.488857143,0.510571429,0,1.678342092,0.402692975,0.434280363,0.933462839,0.496328395,0.037136104,0.025520095,0.00851927,0.044269839,0,0,0.321657908,0.174670487,0.227454105,0.24529569,0.527250206,4.060551971,0.527250206,0.095583847,0.338696516,0.220097097,0,0.002796264,0.481121652,0.037136104,0,0.137534383,0.092061762,0.703866693,0.066553322,0.703866693,0.33523909,0.095583847,0.338696516,0.336425144,0.262378946,0.336425144,2.304138638,-5.488488573,-5.488488573,0.198488627,0.23777283,0.23777283,0.137936516,25,25,3,1173.15,
26,60.3393964,0.213392948,19.73376689,2.174575754,0.274362362,0.121938827,1.412458084,9.236866172,6.493242557,0,0,5.46,0,0,0,0,0.67819017,0.002043154,0.002611922,0.020440008,0.017009801,0.130703568,0.100645027,0.046552253,0.001804098,0,0,0.530706409,0.001598836,0.002043916,0.015994988,0.013310736,0.204559795,0.157516176,0.072857378,0.001411767,0,0,0.090872088,0.090872088,49.61,0.76,2.8,11.64,1.09,10.52,22.41,0.75,0.1,0,1.902516681,0.601427845,0.373308794,0.92081893,0.126553509,0.055765763,0.004892353,0.035405511,0.021923118,0,0,0.097483319,0.02907019,0.317283152,0.196938987,0.485777861,4.042612505,0.485777861,0.080332657,0.292976137,0.215190903,0,0.016789098,0.617007843,0.02907019,1,0,0.04874166,0.872077271,0.051329684,0.872077271,0.519225491,0.080332657,0.292976137,0.062044703,0.048693248,0.062044703,1.164172679,-8.325434411,-8.325434411,0.223763459,0.090872088,0.090872088,0.161718755,26,26,0.5,1083.15,
27,62.14849282,0.343920696,19.05725268,1.840987255,0.222536921,0.222536921,1.58810439,7.819138175,6.757030144,0,0,5.38,0,0,0,0,0.696037623,0.003715461,0.002111005,0.017242844,0.01905699,0.125773552,0.084894224,0.048271024,0.002897276,0,0,0.552876457,0.002951264,0.001676813,0.013696332,0.015137344,0.199808842,0.134866324,0.07668526,0.002301364,0,0,0.177273837,0.177273837,49.12,0.68,2.71,9.52,0.81,11.72,22.12,0.8,0.08,0,1.905103222,0.677635751,0.308782796,0.919217772,0.123875768,0.060158539,0.0039583,0.026609107,0.01983803,0,0,0.094896778,0.02897899,0.355595527,0.162036582,0.482367891,4.045179284,0.482367891,0.086400268,0.222382529,0.279809201,0,0.015098905,0.68695856,0.02897899,1,0,0.047448389,0.871769383,0.057324582,0.871769383,0.583145088,0.086400268,0.222382529,0.098188501,0.070714455,0.098188501,1.257922547,-8.076168432,-8.076168432,0.236774292,0.177273837,0.177273837,0.138585791,27,27,0.5,1113.15,
28,61.68233748,0.384187645,18.643211,2.446668689,0.222424426,0.192093823,1.395207765,8.492569002,6.541300172,0,0,4.04,0,0,0,0,0.690123202,0.003203965,0.002107819,0.022892697,0.016725451,0.122917421,0.092113234,0.046682965,0.003233245,0,0,0.546972935,0.002539376,0.001670601,0.018144131,0.013256139,0.194842029,0.146012903,0.073999304,0.002562583,0,0,0.12276938,0.12276938,45.78,1.86,4.99,12.42,1.13,8.74,21.3,1,0.1,0,1.814170564,0.516323992,0.411604313,0.904388575,0.233055732,0.076833296,0.005055462,0.03792852,0.055442748,0,0,0.185829436,0.047226295,0.281787499,0.224635988,0.493576512,4.054803202,0.493576512,0.104550942,0.307053372,0.254008372,0,0.011561728,0.556418355,0.047226295,1,0,0.092914718,0.811473857,0.058227224,0.811473857,0.433794544,0.104550942,0.307053372,0.111570248,0.083230471,0.111570248,1.713533915,-7.485988109,-7.485988109,0.212493814,0.12276938,0.12276938,0.100923566,28,28,0.5,1143.15,
29,64.3039006,0.20368673,20.5418067,2.444240758,0.336083104,0.101843365,1.201751706,5.275486302,5.591200733,0,0,7.01,0,0,0,0,0.722426578,0.00170568,0.003198072,0.022964467,0.014465861,0.135994691,0.057456086,0.040067295,0.001721268,0,0,0.585663554,0.001382777,0.002592643,0.01861705,0.01172732,0.220498904,0.093158078,0.064964262,0.001395414,0,0,0.069137302,0.069137302,46.48,0.9,3.26,16.73,1.98,5.85,20.72,1.04,0.18,0,1.887003893,0.354055291,0.56801344,0.901300401,0.155984409,0.081862905,0.009322614,0.06808587,0.027483919,0,0,0.112996107,0.042988302,0.19417642,0.311518622,0.494304957,4.053112743,0.494304957,0.096902872,0.471110568,0.17059961,0,0.006585452,0.383971382,0.042988302,1,0,0.056498053,0.844802347,0.038633192,0.844802347,0.302080847,0.096902872,0.471110568,0.119159544,0.098830972,0.119159544,1.808512377,-7.450720437,-7.450720437,0.180418677,0.069137302,0.069137302,0.061259133,29,29,1,1063.15,
30,62.44861125,0.090243658,19.16173669,0.631705605,0,0.05,0.952571944,9.936829439,6.778301414,0,0,1.32,0,0,0,0,0.69862072,0.000833868,0,0.005910026,0.011417988,0.126322428,0.107766469,0.04836911,0.00075939,0,0,0.544751341,0.000650211,0,0.004608358,0.008903206,0.19700049,0.168062375,0.075431882,0.000592136,0,0,0.123644209,0.123644209,48.7,0.66,2.26,15.26,2.2,7.47,21.7,0.85,0.05,0,1.919137875,0.438840158,0.502907072,0.916241767,0.104964531,0.064944635,0.002513656,0.073431944,0.019563683,0,0,0.080862125,0.024102406,0.236190935,0.270672793,0.493136272,4.042545321,0.493136272,0.082576987,0.420330086,0.164199295,0,0.014894701,0.465976767,0.024102406,1,0,0.040431062,0.875810705,0.032968263,0.875810705,0.378594162,0.082576987,0.420330086,0.16169225,0.135142497,0.16169225,0.897377238,-10.15410927,-10.15410927,0.195671679,0.123644209,0.123644209,0.033979428,30,30,1.5,1023.15,
31,63.75404531,0.161812298,20.01415858,1.96197411,0.182038835,0.07079288,1.152912621,6.887135922,5.81512945,0,0,9.15,0,0,0,0,0.714799505,0.001183245,0.001728724,0.0183961,0.013849881,0.132233274,0.074856978,0.041587655,0.001364638,0,0,0.572445064,0.000947598,0.001384444,0.014732462,0.011091636,0.211797252,0.119897978,0.0666107,0.001092866,0,0,0.060431425,0.060431425,45.2,1.71,4.74,19.99,1.86,3.54,21.02,0.88,0.11,0,1.827893581,0.213414675,0.676053804,0.910790141,0.225916385,0.068998918,0.005674972,0.063710431,0.052016132,0,0,0.172106419,0.053809965,0.118546676,0.375531491,0.505921833,4.04446904,0.505921833,0.083263108,0.592790697,0.123160475,0,0.012351284,0.239928971,0.053809965,1,0,0.08605321,0.824736931,0.032365774,0.824736931,0.184656797,0.083263108,0.592790697,0.203753859,0.178659437,0.203753859,1.866620315,-7.713295291,-7.713295291,0.153626789,0.060431425,0.060431425,0.05012707,31,31,1.5,1048.15,
32,62.26910265,0.222065206,19.05723226,1.93802362,0.232159079,0.111032603,1.483799334,7.964065812,6.722519431,0,0,5.45,0,0,0,0,0.69771082,0.00185465,0.0022033,0.018160086,0.017813578,0.125831565,0.086507713,0.048046689,0.001871599,0,0,0.553569175,0.001471494,0.001748115,0.014408353,0.014133431,0.199671479,0.137271781,0.076241231,0.001484941,0,0,0.092661406,0.092661406,46.53,1.22,4.52,15.86,1.62,6.15,20.73,0.97,0.3,0,1.86079209,0.366647274,0.530424988,0.888254133,0.213039507,0.0752114,0.015305397,0.054873788,0.036698989,0,0,0.13920791,0.073831597,0.205367083,0.29710253,0.497530387,4.041247566,0.497530387,0.067189735,0.463235254,0.126671511,0,0.018006961,0.408707355,0.073831597,1,0,0.069603955,0.818650178,0.039211042,0.818650178,0.315307633,0.067189735,0.463235254,0.14774729,0.129031918,0.14774729,2.173643,-7.210912461,-7.210912461,0.185019568,0.092661406,0.092661406,0.037272278,32,32,1.5,1073.15,
33,62.07592892,0.363489499,18.79038772,2.019386107,0.302907916,0.151453958,1.766962843,7.825121163,6.704361874,0,0,5.7,0,0,0,0,0.694757779,0.002526966,0.002871481,0.018901033,0.021189014,0.123928973,0.084902094,0.047862589,0.003060071,0,0,0.552845775,0.002010805,0.002284949,0.015040287,0.016860922,0.197230204,0.135119795,0.076172245,0.002435018,0,0,0.117924745,0.117924745,50.34,0.35,2.67,8.2,0.42,12.93,22.84,0.49,0.02,0,1.919233115,0.734888731,0.261447422,0.933004532,0.119972772,0.036220775,0.000972754,0.013562787,0.010037187,0,0,0.080766885,0.039205888,0.380901485,0.135511278,0.483587237,4.029340075,0.483587237,0.057707397,0.203740025,0.22072276,0,0.027460009,0.737584687,0.036220775,0,0.002985113,0.038890886,0.891128533,0.05260381,0.891128533,0.648461238,0.057707397,0.203740025,0.047563805,0.037065391,0.047563805,1.492207179,-7.732176292,-7.732176292,0.246190752,0.117924745,0.117924745,0.198626947,33,33,1.5,1098.15,
34,62.17041637,0.437748142,20.645424,1.761172758,0.183243408,0.040720757,0.794054769,8.94838644,5.01883335,0,0,8.29,0,0,0,0,0.697904857,0.000681454,0.001742312,0.016533713,0.009550718,0.136572472,0.09738102,0.035937161,0.003696292,0,0,0.549578702,0.000536625,0.001372017,0.013019793,0.007520898,0.215093279,0.153369142,0.056598827,0.002910716,0,0,0.039583268,0.039583268,47.29,0.72,4.36,16.71,1.74,5.12,19.42,1.2,0.71,0,1.905884978,0.307613846,0.563196331,0.838590107,0.207095555,0.093768238,0.03650432,0.059396622,0.021826764,0,0,0.094115022,0.112980533,0.17995425,0.329470128,0.490575622,4.03387676,0.490575622,0.031249201,0.53194713,0.055485449,0,0.025884963,0.353242541,0.093768238,0,0.019212294,0.037451364,0.781926449,0.044441864,0.781926449,0.258578418,0.031249201,0.53194713,0.075460621,0.071273655,0.075460621,2.24186855,-7.900308375,-7.900308375,0.174703113,0.039583268,0.039583268,0.099242491,34,34,2,998.15,
35,63.05887113,0.11126846,20.13959134,1.760064738,0.212421606,0.060691888,0.930608942,8.092251669,5.634230225,0,0,8.97,0,0,0,0,0.707027172,0.001014446,0.002017315,0.016503443,0.011179703,0.133066118,0.087958221,0.040295175,0.000938407,0,0,0.560545654,0.000804274,0.001599369,0.013084268,0.008863498,0.210995099,0.139470166,0.063893684,0.000743989,0,0,0.057907346,0.057907346,50.18,0.6,2.78,9.45,0.78,12.11,22.47,0.54,0.03,0,1.912685431,0.68812222,0.301231716,0.917675425,0.124886244,0.039907433,0.00145879,0.025182139,0.017202581,0,0,0.087314569,0.037571675,0.360834623,0.157958615,0.481206763,4.028351977,0.481206763,0.055245165,0.245986551,0.183397571,0,0.037553639,0.695519769,0.037571675,1,0,0.043657285,0.87401814,0.057667898,0.87401814,0.592814112,0.055245165,0.245986551,0.026908511,0.021973555,0.026908511,1.402009267,-8.623530626,-8.623530626,0.238366677,0.057907346,0.057907346,0.211458166,35,35,2,1018.15,
36,64.57448959,0.121285628,19.43602183,1.475641803,0.181928441,0.080857085,0.960177886,6.963816454,6.205781282,0,0,7.19,0,0,0,0,0.722584629,0.001348821,0.001724303,0.013809078,0.011512047,0.128162814,0.075542646,0.0442948,0.001020861,0,0,0.578993973,0.001080786,0.001381652,0.011064964,0.009224395,0.205389082,0.121061908,0.070985242,0.000817997,0,0,0.088981994,0.088981994,46.81,1.29,5.09,12.73,1.56,9.15,21.54,1.1,0.18,0,1.818722053,0.529977377,0.413630057,0.896698673,0.233078594,0.082864309,0.008921928,0.051337819,0.03770048,0,0,0.181277947,0.051800647,0.287983274,0.224761552,0.487255174,4.07293129,0.487255174,0.136940651,0.276689406,0.331070357,0,0.009644666,0.561642053,0.051800647,1,0,0.090638974,0.806059699,0.068773867,0.806059699,0.42936373,0.136940651,0.276689406,0.076233251,0.050994681,0.076233251,1.826876138,-8.147132446,-8.147132446,0.213465422,0.088981994,0.088981994,0.137232171,36,36,2,1033.15,
37,63.88189056,0.171319158,19.57069435,1.340320468,0.211629548,0.08062078,1.058147738,7.900836441,5.784540965,0,0,7.78,0,0,0,0,0.714189665,0.001343666,0.002003998,0.012531425,0.012675212,0.128934445,0.085630014,0.041250883,0.001440692,0,0,0.568705957,0.001069955,0.001595774,0.009978716,0.010093214,0.205339815,0.136373575,0.065695778,0.001147217,0,0,0.096837242,0.096837242,47.59,0.9,4.07,11.89,1.62,9.57,22.08,1.06,0.07,0,1.853658887,0.555692578,0.387303981,0.921480858,0.186838098,0.080051065,0.003478329,0.053445883,0.026368541,0,0,0.146341113,0.040496985,0.298042,0.207727902,0.494230099,4.068318221,0.494230099,0.133158112,0.254145869,0.343807754,0,-0.004332948,0.589275696,0.040496985,1,0,0.073170557,0.848310302,0.047343129,0.848310302,0.473082758,0.133158112,0.254145869,0.074732285,0.049038746,0.074732285,1.497702067,-8.567909778,-8.567909778,0.218605279,0.096837242,0.096837242,0.143872994,37,37,2,1048.15,
38,63.85614989,0.302206105,18.35398408,1.762868943,0.161176589,0.151103052,1.641986501,6.326181122,7.444343709,0,0,4.93,0,0,0,0,0.714467448,0.002520354,0.001527449,0.01649513,0.019684412,0.121014382,0.068618067,0.053129371,0.002543387,0,0,0.574902959,0.002028026,0.001229076,0.013272962,0.015839247,0.194750724,0.110428348,0.085502098,0.00204656,0,0,0.132538344,0.132538344,48.78,0.63,6.42,12.07,0.63,8.42,20.43,0.43,0.66,0,1.878985594,0.483506472,0.388816708,0.843185554,0.291456401,0.03211421,0.032432777,0.02055452,0.018253732,0,0,0.121014406,0.170441995,0.281844366,0.226648049,0.491507585,3.989305967,0.491507585,0,0.388816708,0,0,0.075843695,0.554266221,0.03211421,0,0.138327784,0,0.70485777,0.083732705,0.70485777,0.381690901,-0.053820843,0.44263755,0.122870716,0.122870716,0.122870716,1.508074666,-7.574376444,-7.574376444,0.212093517,0.132538344,0.132538344,0.089222801,38,38,1,1123.15,
39,65.61838524,0.181433323,18.35500454,1.471625844,0.171353694,0.120955549,1.390988812,6.138494103,6.551758895,0,0,6.74,0,0,0,0,0.73114243,0.002009143,0.001617168,0.013712917,0.016606313,0.120519651,0.066306398,0.046565353,0.001520628,0,0,0.592790276,0.001628958,0.001311155,0.011118058,0.013463944,0.19542807,0.107518826,0.075507828,0.001232884,0,0,0.127787594,0.127787594,49.26,0.62,3.89,10.58,0.58,11.48,22.61,0.41,0.02,0,1.877541484,0.65229728,0.337238226,0.923355271,0.17474375,0.030298849,0.000972487,0.018724415,0.017775274,0,0,0.122458516,0.052285234,0.341000797,0.17629769,0.482701512,4.032947035,0.482701512,0.064921583,0.272316643,0.192509562,0,0.040699592,0.659187922,0.030298849,0,0.021986385,0.050236065,0.85113282,0.069201343,0.85113282,0.550643353,0.064921583,0.272316643,0.075748174,0.061165926,0.075748174,1.411835873,-8.1430043,-8.1430043,0.231608954,0.127787594,0.127787594,0.155860779,39,39,1.5,1073.15,
40,64.86024532,0.241303036,18.93223406,1.669012668,0.150814398,0.180977277,1.749447014,5.479589785,6.736376433,0,0,6.59,0,0,0,0,0.724897827,0.003015302,0.001427664,0.015599613,0.020949427,0.124688671,0.059369501,0.048023422,0.002028572,0,0,0.588352127,0.002447323,0.001158742,0.012661185,0.017003279,0.202403269,0.096372678,0.077954938,0.001646459,0,0,0.161978578,0.161978578,44.79,0.98,6.48,16.15,0.6,6.46,22.56,0.4,0.05,0,1.782730668,0.383306105,0.537567734,0.962092668,0.303974109,0.030868235,0.002538828,0.020227446,0.029340008,0,0,0.217269332,0.086704777,0.203565015,0.285489802,0.510945184,4.052645801,0.510945184,0.102752775,0.43481496,0.191143866,0,0.003741116,0.416233597,0.030868235,0,0.055836542,0.080716395,0.825539731,0.047667055,0.825539731,0.33623843,0.102752775,0.43481496,0.271084337,0.219268229,0.271084337,1.519857436,-7.616130285,-7.616130285,0.186419449,0.161978578,0.161978578,0.084664888,40,40,1.5,1098.15,
41,68.96690474,0.080474801,16.92988633,1.22724072,0.120712202,0.181068303,1.096469168,6.528518258,4.86872548,0,0,7.67,0,0,0,0,0.757779348,0.002965876,0.00112341,0.011276849,0.012908376,0.109618282,0.069539857,0.034122894,0.000665107,0,0,0.62457034,0.002444509,0.000925927,0.009294507,0.01063923,0.180697265,0.114631079,0.056248954,0.000548189,0,0,0.208232453,0.208232453,49.52,0.56,3.8,8.26,0.43,12.01,22.8,0.36,0.07,0,1.897328698,0.68598322,0.264665895,0.935987229,0.17159414,0.026743089,0.003421516,0.01395454,0.016139105,0,0,0.102671302,0.068922837,0.36360119,0.140284531,0.496114279,4.01581743,0.496114279,0.028213345,0.23645255,0.106599852,0,0.030433585,0.721587839,0.026743089,0,0.042179748,0.030245777,0.863561703,0.043543706,0.863561703,0.614126678,0.028213345,0.23645255,0.101472816,0.090655829,0.101472816,1.196871998,-8.585865201,-8.585865201,0.243215338,0.208232453,0.208232453,0.141742522,41,41,2,1033.15,
42,67.04922984,0.090607067,17.67844559,1.14768952,0.130876875,0.080539615,1.45978053,6.624383369,5.738447599,0,0,7.67,0,0,0,0,0.741923944,0.001328568,0.00122663,0.010620525,0.017307179,0.115275387,0.071060489,0.040503127,0.000754149,0,0,0.604744341,0.001082919,0.00099983,0.008656821,0.014107132,0.187922599,0.115843218,0.066028431,0.000614709,0,0,0.11118235,0.11118235,45.33,1.31,6.94,11.93,0.53,9.81,22.72,0.61,0.02,0,1.755871493,0.566479975,0.386459019,0.942949582,0.316827882,0.045812499,0.000988315,0.017388736,0.038168736,0,0,0.244128507,0.072699376,0.298793918,0.203840576,0.497365507,4.070946237,0.497365507,0.140904158,0.245554861,0.364603105,0,0.008386079,0.594447603,0.045812499,0,0.026886877,0.108620815,0.80744189,0.072748552,0.80744189,0.471386778,0.140904158,0.245554861,0.085340773,0.054225262,0.085340773,1.749943328,-7.934687108,-7.934687108,0.219567254,0.11118235,0.11118235,0.134226481,42,42,2,1048.15,
43,64.30224369,0.171043365,19.1266727,1.46896066,0.171043365,0.120736493,1.72049502,6.388972734,6.529831975,0,0,6.17,0,0,0,0,0.718801422,0.002012009,0.001619475,0.01373248,0.020606743,0.125993792,0.069235842,0.046560041,0.001438197,0,0,0.57884313,0.001620249,0.001304146,0.01105862,0.016594391,0.202922918,0.111509772,0.07498861,0.001158165,0,0,0.127787594,0.127787594,46.39,0.87,5.15,15.48,0.86,7.15,22.41,0.56,0.03,0,1.829983878,0.420472385,0.510681166,0.9471917,0.23943467,0.042830984,0.001509742,0.028734687,0.02581497,0,0,0.170016122,0.069418547,0.223852556,0.271878221,0.504269223,4.046654181,0.504269223,0.09179862,0.418882546,0.179757208,0,0.007266129,0.451552465,0.042830984,0,0.026587563,0.07171428,0.848889858,0.041131847,0.848889858,0.371850314,0.09179862,0.418882546,0.177948079,0.145960629,0.177948079,1.731526174,-7.664604622,-7.664604622,0.192988759,0.127787594,0.127787594,0.015040679,43,43,2,1073.15,
44,59.65617774,0.301598472,17.92500251,1.749271137,0.050266412,0.311651754,2.633959988,9.168593546,8.203478436,0,0,3.3,0,0,0,0,0.667599153,0.005199223,0.000476457,0.016370935,0.031582221,0.118207899,0.099467274,0.058558095,0.002538744,0,0,0.523101199,0.004073882,0.00037333,0.012827541,0.024746433,0.185244973,0.155876322,0.091767072,0.001989248,0,0,0.241031684,0.241031684,46.91,0.8,5.54,10.28,0.36,11.66,23.3,0.49,0.03,0,1.797768803,0.666155324,0.329471244,0.956747782,0.250227529,0.036409241,0.001466723,0.011685735,0.023061517,0,0,0.202231197,0.047996332,0.341202661,0.168754135,0.490043204,4.072993898,0.490043204,0.144521072,0.184950172,0.43864548,0,0.004601795,0.66907411,0.036409241,0,0.011587091,0.095322053,0.849838638,0.072893965,0.849838638,0.56201491,0.144521072,0.184950172,0.157074979,0.088174749,0.157074979,1.527796549,-7.384886743,-7.384886743,0.233447784,0.241031684,0.241031684,0.076372806,44,44,2,1153.15,
45,60.85,0.48,20.36,2.43,0.09,0.17,2.99,5.57,7.06,0,0,7.6,0,0,0,0,0.686194504,0.002857881,0.000859635,0.022916533,0.036126923,0.13529799,0.060891825,0.050783181,0.004071527,0,0,0.550288183,0.002291855,0.000689378,0.01837773,0.028971697,0.217002278,0.097663422,0.08145033,0.003265129,0,0,0.110877243,0.110877243,45.87,1.83,6.14,13.07,0.54,8.49,23.34,0.53,0.22,0,1.774996996,0.489762036,0.422961136,0.967704744,0.2800233,0.039764167,0.010860507,0.017698961,0.053265922,0,0,0.225003004,0.055020296,0.260452439,0.224928131,0.514619431,4.057037769,0.514619431,0.103215032,0.319746104,0.244029588,0,-0.015299126,0.536585977,0.039764167,0,0.015256129,0.104873438,0.847575178,0.032573997,0.847575178,0.446152483,0.103215032,0.319746104,0.107698721,0.081417046,0.107698721,1.823912851,-6.625865644,-6.625865644,0.208804992,0.110877243,0.110877243,0.101106271,45,45,2,1153.15,
46,61.2,0.37,20.81,2,0.08,0.11,2.61,5.36,7.45,0,0,7.8,0,0,0,0,0.692382621,0.001855222,0.000766602,0.018922596,0.031637953,0.138737459,0.058786373,0.053762512,0.003148661,0,0,0.553336671,0.001482652,0.000612651,0.015122515,0.025284343,0.221751735,0.093961504,0.085931589,0.002516339,0,0,0.089285884,0.089285884,44.7,2.21,7.38,14.27,0.57,6.94,22.66,0.63,0.48,0,1.744616369,0.403794534,0.465770938,0.947600894,0.339473359,0.047673837,0.023899686,0.018843102,0.064880497,0,0,0.255383631,0.084089728,0.222211098,0.256317169,0.521471733,4.056553216,0.521471733,0.089206746,0.376564192,0.191524929,0,-0.015233625,0.464355269,0.047673837,0,0.036415891,0.10948387,0.801701133,0.03393217,0.801701133,0.364384749,0.089206746,0.376564192,0.113090778,0.091431075,0.113090778,2.011271734,-6.726897473,-6.726897473,0.19537008,0.089285884,0.089285884,0.082279302,46,46,2,1113.15,
47,62.41,0.42,20.85,1.4,0.09,0.14,2.06,5.35,7.3,0,0,8.3,0,0,0,0,0.70505146,0.00235778,0.000861181,0.013226674,0.024934863,0.138803243,0.058591897,0.052603912,0.003568991,0,0,0.564041596,0.001886225,0.000688945,0.010581348,0.019947906,0.222085357,0.093747106,0.084166322,0.002855195,0,0,0.151286198,0.151286198,45.68,1.58,6.75,13.04,0.6,8.27,22.92,0.76,0.27,0,1.769642974,0.477610225,0.422467346,0.951365308,0.308191211,0.057084775,0.013343872,0.019687743,0.046041146,0,0,0.230357026,0.077834184,0.257966492,0.22818276,0.513850748,4.065434599,0.513850748,0.117525325,0.304942021,0.278187951,0,-0.017668142,0.530623973,0.057084775,0,0.02074941,0.104803808,0.82581209,0.037132741,0.82581209,0.428822757,0.117525325,0.304942021,0.157678356,0.113814137,0.157678356,2.153884676,-7.099237158,-7.099237158,0.207696059,0.151286198,0.151286198,0.050017703,47,47,2,1113.15,
48,61.56,0.35,21,1.64,0.13,0.14,1.89,6.44,6.84,0,0,6.4,0,0,0,0,0.695437585,0.002357741,0.001243907,0.015493851,0.022876758,0.139799546,0.07052816,0.04928834,0.00297411,0,0,0.55210283,0.001871794,0.000987529,0.012300456,0.018161692,0.221971682,0.111983585,0.078259308,0.002361124,0,0,0.132070727,0.132070727,45.77,1.43,6.42,13.49,0.83,7.83,22.82,0.91,0.25,0,1.781045162,0.454217986,0.438997415,0.951443046,0.294432647,0.068656641,0.012410594,0.027356293,0.041856174,0,0,0.218954838,0.075477809,0.246234194,0.237983035,0.515782771,4.070415957,0.515782771,0.128421321,0.310576095,0.292533204,0,-0.026406477,0.508511752,0.068656641,0,0.006821168,0.106066835,0.838555042,0.027330179,0.838555042,0.413750265,0.128421321,0.310576095,0.147073482,0.104049605,0.147073482,2.204012951,-7.072864165,-7.072864165,0.203583186,0.132070727,0.132070727,0.056509704,48,48,2,1113.15,
49,61.14,0.46,20.74,1.66,0.16,0.28,2.78,5.53,7.26,0,0,7.4,0,0,0,0,0.689915963,0.004710178,0.001529241,0.01566516,0.033611562,0.137913389,0.060494102,0.052255971,0.003904434,0,0,0.551639977,0.003766144,0.001222744,0.01252548,0.026874985,0.220544364,0.096739217,0.0835652,0.00312189,0,0,0.231164613,0.231164613,44,1.64,7.66,11.08,0.47,9.69,22.91,0.74,0.17,0,1.719965249,0.564675985,0.36221193,0.959544723,0.352900831,0.056084887,0.00847763,0.015561447,0.048221456,0,0,0.280034751,0.07286608,0.299335356,0.192008939,0.508655705,4.087644138,0.508655705,0.166810647,0.195401283,0.460533277,0,-0.019075296,0.609209166,0.056084887,0,0.016781192,0.131626779,0.811136751,0.057875582,0.811136751,0.485998996,0.166810647,0.195401283,0.192870553,0.104047245,0.192870553,2.156223251,-6.557840998,-6.557840998,0.222312905,0.231164613,0.231164613,0.029442351,49,49,2,1153.15,
50,61.68,0.46,20.09,1.49,0.15,0.26,2.16,5.87,7.84,0,0,5.9,0,0,0,0,0.695916952,0.004373156,0.001433473,0.014059029,0.026111988,0.133573377,0.064204918,0.056423193,0.003903915,0,0,0.554868543,0.003486805,0.001142937,0.011209545,0.020819612,0.213001465,0.102383737,0.089974687,0.00311267,0,0,0.237250466,0.237250466,43.68,2.05,9.02,12.09,0.59,8.31,21.97,1.07,0.45,0,1.699027467,0.481867171,0.393278374,0.915632003,0.413505436,0.080695383,0.022330005,0.019438149,0.05997926,0,0,0.300972533,0.112532903,0.269082652,0.219613192,0.511304156,4.085753248,0.511304156,0.149176491,0.244101882,0.379315267,0,-0.013838832,0.550605485,0.080695383,0,0.031837521,0.134567506,0.749226976,0.062959284,0.749226976,0.40357083,0.149176491,0.244101882,0.253870569,0.157573586,0.253870569,2.486457815,-6.494892953,-6.494892953,0.21141262,0.237250466,0.237250466,0.042457949,50,50,2,1153.15,
51,62.12,0.21,21.01,1.34,0.13,0.13,2.25,5.43,7.38,0,0,8.9,0,0,0,0,0.702193516,0.002190672,0.001244669,0.012667361,0.027250911,0.139951752,0.059503476,0.053212085,0.001785559,0,0,0.560558664,0.001748806,0.000993615,0.010112311,0.021754308,0.223446003,0.09500284,0.084958048,0.001425405,0,0,0.147436014,0.147436014,43.45,1.52,8.7,12.48,0.53,8.67,22.27,1.08,0.36,0,1.698198315,0.505156875,0.407914557,0.932592628,0.400751164,0.081840734,0.017949802,0.017545252,0.044686021,0,0,0.301801685,0.098949479,0.273699253,0.221012353,0.505288394,4.10663535,0.505288394,0.195320898,0.21259366,0.478827966,0,-0.024278603,0.553241859,0.081840734,0,0.017108745,0.14234647,0.773137413,0.069967009,0.773137413,0.419674057,0.195320898,0.21259366,0.139647782,0.072780519,0.139647782,2.507096555,-6.655680937,-6.655680937,0.211902986,0.147436014,0.147436014,0.072255204,51,51,2,1113.15,
52,61.94,0.24,20.91,1.34,0.11,0.1,1.47,6.29,7.61,0,0,7.4,0,0,0,0,0.70121573,0.001687676,0.001054771,0.012686483,0.017830804,0.139495887,0.069031647,0.054953284,0.002043719,0,0,0.554987239,0.001335735,0.000834814,0.010040899,0.014112445,0.220812037,0.109272173,0.086987128,0.001617531,0,0,0.117406936,0.117406936,43.24,1.73,7.91,12.91,0.73,8.64,22.14,1.2,0.18,0,1.702792829,0.507222389,0.42516584,0.934172073,0.367121252,0.091623001,0.009042888,0.024349167,0.051245024,0,0,0.297207171,0.069914082,0.271741764,0.227780393,0.500477843,4.112734465,0.500477843,0.216426041,0.208739799,0.509039111,0,-0.026689587,0.543995137,0.069914082,1,0,0.148603585,0.785568488,0.07340987,0.785568488,0.416475751,0.216426041,0.208739799,0.11150843,0.054746278,0.11150843,2.241489082,-7.431675525,-7.431675525,0.210183096,0.117406936,0.117406936,0.098674666,52,52,2,1113.15,
53,60.08,0.58,20.39,2.6,0.13,0.26,3.73,5.14,7.08,0,0,7.6,0,0,0,0,0.67734413,0.004369798,0.001241389,0.024513696,0.045056911,0.135463906,0.056177151,0.050914473,0.004918548,0,0,0.545121819,0.003516783,0.000999061,0.019728451,0.036261487,0.218040808,0.090421956,0.081951223,0.003958413,0,0,0.151286198,0.151286198,44.21,2.26,7.41,12.34,0.42,8.51,23.57,0.5,0.21,0,1.720741086,0.493779572,0.401667014,0.982941638,0.339914849,0.037732202,0.010427324,0.013846163,0.066165702,0,0,0.279258914,0.060655935,0.262874078,0.213835994,0.523289928,4.06721555,0.523289928,0.124003776,0.277663237,0.308722828,0,-0.025066382,0.551425603,0.037732202,0,0.022923733,0.128167591,0.831850315,0.031798136,0.831850315,0.451725468,0.124003776,0.277663237,0.145005875,0.100239251,0.145005875,1.862591811,-6.245451647,-6.245451647,0.211565162,0.151286198,0.151286198,0.066559287,53,53,2,1153.15,
54,60.41,0.51,20.39,2.47,0.08,0.22,2.81,5.67,7.43,0,0,5.6,0,0,0,0,0.68246518,0.003705125,0.000765503,0.023335903,0.034013484,0.135742489,0.062097178,0.053541313,0.004333824,0,0,0.545369628,0.002960829,0.000611726,0.01864812,0.027180758,0.216948301,0.099245839,0.085571563,0.003463233,0,0,0.137014701,0.137014701,43.73,2.34,7.25,12.91,0.48,7.99,23.62,0.56,0.21,0,1.716067876,0.467423248,0.423679275,0.993134374,0.335312625,0.042607902,0.010513149,0.015954432,0.069071727,0,0,0.283932124,0.051380502,0.248070319,0.224854569,0.527075112,4.073764609,0.527075112,0.13701607,0.286663205,0.323395733,0,-0.037271843,0.524536529,0.042607902,0,0.0087726,0.137579762,0.846782012,0.022160256,0.846782012,0.436362454,0.13701607,0.286663205,0.143914711,0.097373308,0.143914711,1.895118918,-6.591045795,-6.591045795,0.206563794,0.137014701,0.137014701,0.062649083,54,54,2,1153.15,
55,61.5,0.33,19.6,2.34,0.18,0.22,0.7,9.3,5.8,0,0,3.7,0,0,0,0,0.689454626,0.003676731,0.001709182,0.021938272,0.008408175,0.129483242,0.101071955,0.041475069,0.002782749,0,0,0.542011181,0.002890443,0.001343664,0.017246659,0.006610043,0.203585159,0.158914387,0.06521082,0.002187643,0,0,0.143534058,0.143534058,50.1,1.5,2.48,9.69,0.98,12.6,21,1.66,0,0,1.894522451,0.710298866,0.306437423,0.850852857,0.110527571,0.121707476,0,0.031388693,0.042666082,0,0,0.105477549,0.005050022,0.380329296,0.164081818,0.455588885,4.068401419,0.455588885,0.136802838,0.169634585,0.446429933,0,0.024253441,0.698599747,0.005050022,1,0,0.052738774,0.798114083,0.109311103,0.798114083,0.540870161,0.136802838,0.169634585,0.072303622,0.040025121,0.072303622,-0.632364731,-10.55615467,-10.55615467,0.238939553,0.143534058,0.143534058,0.166635931,55,55,2,1148.15,
56,61.5,0.5,20.2,2.07,0.15,0.22,0.76,9.1,5.5,0,0,3.9,0,0,0,0,0.690156546,0.003680474,0.001425768,0.019426691,0.00913817,0.133582875,0.098999051,0.039369847,0.004220578,0,0,0.542596473,0.002893564,0.001120929,0.015273135,0.007184368,0.21004393,0.155664787,0.061904623,0.003318191,0,0,0.159273991,0.159273991,49.9,1.3,3.21,8.8,0.88,12.8,21.3,1.73,0,0,1.881645307,0.719541308,0.277508239,0.860577438,0.142658996,0.126482505,0,0.028106387,0.036873133,0,0,0.118354693,0.024304304,0.387344345,0.14938857,0.463267085,4.073393313,0.463267085,0.146786627,0.130721613,0.528945113,0,0.011198704,0.721663853,0.024304304,1,0,0.059177346,0.801400092,0.097824728,0.801400092,0.562490496,0.146786627,0.130721613,0.073067633,0.034418866,0.073067633,0.926165884,-9.019230699,-9.019230699,0.243229477,0.159273991,0.159273991,0.170161844,56,56,2,1160.15,
57,61.4,0.49,19.9,2.31,0.16,0.26,0.73,9.1,5.7,0,0,4.1,0,0,0,0,0.688416837,0.004345753,0.001519456,0.021659633,0.008769586,0.131481033,0.098910329,0.040764912,0.00413246,0,0,0.54156743,0.00341874,0.001195334,0.017039315,0.006898905,0.206868402,0.155622611,0.064138317,0.003250946,0,0,0.167105071,0.167105071,49.2,1.44,3.86,10.62,1.04,11.3,20.7,1.87,0,0,1.868471978,0.63974732,0.33728886,0.842296445,0.172768955,0.137692483,0,0.033453376,0.041135185,0,0,0.131528022,0.041240933,0.351638459,0.18539153,0.462970011,4.072854601,0.462970011,0.145709202,0.191579657,0.43200123,0,0.016904739,0.654776103,0.041240933,1,0,0.065764011,0.776532434,0.100251873,0.776532434,0.491627589,0.145709202,0.191579657,0.105780945,0.060083446,0.105780945,1.474245183,-8.365184492,-8.365184492,0.230788355,0.167105071,0.167105071,0.12500741,57,57,1,1160.15,
58,61.3,0.44,19.3,2.53,0.16,0.3,0.82,9.2,5.8,0,0,1.9,0,0,0,0,0.687221726,0.005013791,0.001519293,0.023719904,0.009849709,0.127503068,0.099986502,0.041475626,0.003710381,0,0,0.541560737,0.003951086,0.001197269,0.01869232,0.007762001,0.200955973,0.157587462,0.065369209,0.002923943,0,0,0.174486873,0.174486873,48.4,1.9,3.82,10.11,0.75,12.8,20.7,1.54,0,0,1.83500781,0.723454247,0.320552896,0.840883899,0.170691869,0.113203646,0,0.024084573,0.05418457,0,0,0.16499219,0.005699678,0.383817542,0.170064417,0.446118041,4.082063509,0.446118041,0.164127018,0.156425878,0.512012276,0,0.039395285,0.692951989,0.005699678,1,0,0.082496095,0.758387804,0.142809669,0.758387804,0.513681428,0.164127018,0.156425878,0.093657362,0.045703643,0.093657362,-0.488301318,-10.08474274,-10.08474274,0.23788907,0.174486873,0.174486873,0.144231708,58,58,1,1198.15,
59,61.5,0.33,19.6,2.34,0.18,0.22,0.7,9.3,5.8,0,0,3.7,0,0,0,0,0.689454626,0.003676731,0.001709182,0.021938272,0.008408175,0.129483242,0.101071955,0.041475069,0.002782749,0,0,0.542011181,0.002890443,0.001343664,0.017246659,0.006610043,0.203585159,0.158914387,0.06521082,0.002187643,0,0,0.143534058,0.143534058,50.1,1.5,2.48,9.69,0.98,12.6,21,1.66,0,0,1.894522451,0.710298866,0.306437423,0.850852857,0.110527571,0.121707476,0,0.031388693,0.042666082,0,0,0.105477549,0.005050022,0.380329296,0.164081818,0.455588885,4.068401419,0.455588885,0.136802838,0.169634585,0.446429933,0,0.024253441,0.698599747,0.005050022,1,0,0.052738774,0.798114083,0.109311103,0.798114083,0.540870161,0.136802838,0.169634585,0.072303622,0.040025121,0.072303622,-0.632364731,-10.55615467,-10.55615467,0.238939553,0.143534058,0.143534058,0.166635931,59,59,2,1148.15,
60,60.5,0.75,19.7,3,0.23,0.3,0.5,10.1,4.9,0,0,0.9,0,0,0,0,0.677669733,0.005009478,0.002182105,0.028102177,0.006000754,0.130033682,0.10967338,0.035009615,0.006319074,0,0,0.531623807,0.003929876,0.001711835,0.022045822,0.00470752,0.204019739,0.172074913,0.05492925,0.004957238,0,0,0.151286198,0.151286198,48.7,3.13,3.12,12.24,1.03,9.53,17.68,3.67,0.08,0,1.879194656,0.548206592,0.394984651,0.73096773,0.141890826,0.27457185,0.003938142,0.033663957,0.090848261,0,0,0.120805344,0.021085482,0.327451933,0.235930194,0.436617873,4.098266665,0.436617873,0.192595188,0.202389463,0.487601703,0,-0.0074855,0.581217147,0.021085482,1,0,0.060402672,0.670565058,0.136313093,0.670565058,0.37631799,0.192595188,0.202389463,0.128436516,0.065810652,0.128436516,0.753831718,-9.119359962,-9.119359962,0.217106389,0.151286198,0.151286198,0.088669873,60,60,0.5,1123.15,
61,62.4,0.38,20.3,2.4,0.22,0.14,0.4,9.6,4.2,0,0,9.9,0,0,0,0,0.697482143,0.002332841,0.002082842,0.022434466,0.004790509,0.133712331,0.104024797,0.029945139,0.003194932,0,0,0.55020265,0.001840241,0.001643032,0.017697231,0.003778951,0.210955592,0.164118092,0.047243919,0.002520294,0,0,0.094187476,0.094187476,47.4,2.51,3.62,13.83,1.78,8.13,16.4,4.37,0.04,0,1.8710174,0.478408157,0.456538764,0.693611794,0.168408873,0.334447581,0.002014272,0.059512009,0.074525119,0,0,0.1289826,0.039426274,0.293761688,0.280333009,0.425905304,4.13848397,0.425905304,0.274953668,0.181585096,0.602257004,0,-0.022481995,0.51168718,0.039426274,1,0,0.0644913,0.629120494,0.152913214,0.629120494,0.3026534,0.274953668,0.181585096,0.099231242,0.039468532,0.099231242,1.324891063,-8.920343631,-8.920343631,0.204173815,0.094187476,0.094187476,0.104942573,61,61,2.5,1048.15,
62,61.1,0.12,20.4,2,0.24,0.07,0.16,9.7,6.2,0,0,10.8,0,0,0,0,0.688671004,0.001176189,0.002291221,0.018851963,0.001932252,0.135496374,0.105988675,0.044574946,0.001017376,0,0,0.535489018,0.000914568,0.001781582,0.014658696,0.001502458,0.21071548,0.164826953,0.069320165,0.000791079,0,0,0.058724947,0.058724947,47.4,2.95,4.02,15.33,2.42,6.09,14.02,5.52,0.05,0,1.88721236,0.361466679,0.510435157,0.598085923,0.188636356,0.426116789,0.002539633,0.081609915,0.08834743,0,0,0.11278764,0.075848717,0.245897748,0.347237692,0.40686456,4.144450242,0.40686456,0.286360852,0.224074305,0.561013182,0,-0.018488417,0.41456457,0.075848717,1,0,0.05639382,0.541692103,0.165104866,0.541692103,0.205350008,0.286360852,0.224074305,0.088103448,0.038676252,0.088103448,2.03024092,-9.268703556,-9.268703556,0.18610901,0.058724947,0.058724947,0.098005562,62,62,2.5,973.15,
63,61.7,0.51,20,2.5,0.28,0.14,0.41,9.9,4.7,0,0,6.8,0,0,0,0,0.689843466,0.002333469,0.002651603,0.023375526,0.004911593,0.131771748,0.107304449,0.033519057,0.004289089,0,0,0.542076095,0.00183363,0.002083619,0.01836839,0.003859509,0.207091371,0.168638769,0.052678268,0.003370348,0,0,0.090761922,0.090761922,48.5,2.09,3.46,13.83,1.57,8.51,17.14,3.8,0.09,0,1.890236701,0.494438816,0.450767532,0.715745138,0.158930579,0.287147597,0.004474819,0.051827377,0.061270329,0,0,0.109763299,0.04916728,0.297684081,0.271391149,0.43092477,4.114838889,0.43092477,0.225202958,0.225564573,0.49959889,0,-0.005707817,0.523093122,0.04916728,1,0,0.05488165,0.660863488,0.14217143,0.660863488,0.327728694,0.225202958,0.225564573,0.091008226,0.045540617,0.091008226,1.566762354,-8.702915365,-8.702915365,0.206295321,0.090761922,0.090761922,0.115287095,63,63,2,1073.15,
64,61,0.4,20.7,2.5,0.25,0.08,0.32,10.6,4.1,0,0,9.6,0,0,0,0,0.684202157,0.001337683,0.002375088,0.023450419,0.003845721,0.136820719,0.115259733,0.029333711,0.003374769,0,0,0.533943027,0.001043911,0.00185349,0.018300421,0.003001153,0.213546444,0.179894583,0.045783341,0.002633629,0,0,0.053963007,0.053963007,46.1,4.23,3.78,18.91,1.79,3.92,16.72,3.77,0.03,0,1.843891882,0.233737901,0.632531342,0.71654577,0.178189965,0.292363407,0.001530785,0.060641884,0.127263648,0,0,0.156108118,0.022081847,0.147672279,0.3996243,0.45270342,4.086696584,0.45270342,0.171862382,0.46066896,0.271705718,0,-0.007975692,0.269814727,0.022081847,1,0,0.078054059,0.638491711,0.113888766,0.638491711,0.161007574,0.171862382,0.46066896,0.154367347,0.112424856,0.154367347,0.701218035,-9.859182033,-9.859182033,0.159185539,0.053963007,0.053963007,0.004818192,64,64,2,1023.15,
65,60.1,0.7,19.8,3.2,0.29,0.21,0.36,10.8,4.5,0,0,4.1,0,0,0,0,0.673350066,0.003507473,0.002752007,0.029982815,0.004321575,0.130724968,0.117302517,0.032159367,0.005899211,0,0,0.525977958,0.002739813,0.002149692,0.023420655,0.003375738,0.20422795,0.183258432,0.050241677,0.004608086,0,0,0.104727903,0.104727903,47.4,3.61,3.76,14.91,1.27,7.62,16.02,4.25,0.05,0,1.857621377,0.445186899,0.48866642,0.67268928,0.173669526,0.322934858,0.002499812,0.042156807,0.106418108,0,0,0.142378623,0.031290903,0.27710868,0.304172712,0.418718608,4.111843087,0.418718608,0.221186361,0.267480058,0.452632619,0,0.001407878,0.476712036,0.031290903,1,0,0.071189311,0.601499968,0.166176675,0.601499968,0.274361811,0.221186361,0.267480058,0.128407972,0.070286336,0.128407972,1.105940523,-9.00536984,-9.00536984,0.197668439,0.104727903,0.104727903,0.069260466,65,65,1,1073.15,
66,60.9,0.67,19.6,3.1,0.28,0.23,0.39,9.4,5.4,0,0,3.8,0,0,0,0,0.683490035,0.003848144,0.002661694,0.029095953,0.004689782,0.129627721,0.10227274,0.038657806,0.005656127,0,0,0.53794466,0.003028703,0.002094901,0.022900133,0.003691119,0.204048448,0.160988665,0.060851685,0.004451687,0,0,0.116804847,0.116804847,45.7,3.01,3.94,15.49,1.26,7.95,16.23,4.38,0.09,0,1.822415256,0.472614255,0.516581149,0.693462209,0.185175821,0.338651022,0.004578595,0.042558549,0.090287393,0,0,0.177584744,0.007591078,0.280873691,0.307003127,0.412123181,4.166324249,0.412123181,0.328069903,0.188511247,0.635079122,0,-0.026997745,0.477768101,0.007591078,1,0,0.088792372,0.604669837,0.192262784,0.604669837,0.276980363,0.328069903,0.188511247,0.144560763,0.052753241,0.144560763,-0.224963414,-10.21611508,-10.21611508,0.197864867,0.116804847,0.116804847,0.053304104,66,66,1,1098.15,
67,62.6,0.19,20.6,2.4,0.21,0.06,0.23,8.6,5,0,0,9.6,0,0,0,0,0.703928333,0.001005805,0.002000131,0.022569469,0.002771118,0.136504904,0.093749661,0.035863499,0.001607079,0,0,0.555973691,0.000794401,0.001579735,0.017825723,0.002188673,0.215627448,0.148089919,0.056651114,0.001269296,0,0,0.042662201,0.042662201,45.9,3.49,4.17,15.8,1.67,7.03,15.57,4.81,0.04,0,1.825035104,0.416698951,0.525377679,0.663315714,0.195412125,0.370809413,0.002028977,0.05624192,0.104379074,0,0,0.174964896,0.020447228,0.259562065,0.327258119,0.413179816,4.159298956,0.413179816,0.316568934,0.208808745,0.602554975,0,-0.02588181,0.442311352,0.020447228,1,0,0.087482448,0.575833265,0.183121682,0.575833265,0.24035326,0.316568934,0.208808745,0.056187767,0.022331548,0.056187767,0.728299438,-10.00180427,-10.00180427,0.191269912,0.042662201,0.042662201,0.135082145,67,67,2.5,998.15,
68,61.9,0.57,19.9,2.6,0.21,0.19,0.44,8.9,5.3,0,0,2,0,0,0,0,0.694171165,0.003176421,0.001994713,0.024384018,0.005286908,0.131509134,0.09675715,0.037912318,0.004808175,0,0,0.548241112,0.002508667,0.00157538,0.019257961,0.004175483,0.20772604,0.152833337,0.059884629,0.003797391,0,0,0.115249515,0.115249515,47.3,2.92,3.95,13.68,1.23,8.64,17.09,4.15,0.03,0,1.846553874,0.502832257,0.446624902,0.714851843,0.181741812,0.314120353,0.001494103,0.040671583,0.085745861,0,0,0.153446126,0.028295685,0.302126742,0.268354555,0.429518703,4.134636587,0.429518703,0.267779071,0.178845831,0.599561444,0,-0.022889996,0.52959141,0.028295685,1,0,0.076723063,0.63812878,0.155664189,0.63812878,0.32407072,0.267779071,0.178845831,0.115705128,0.046332794,0.115705128,1.086976692,-8.971790793,-8.971790793,0.207504002,0.115249515,0.115249515,0.091798874,68,68,2,1103.15,
69,61.5,0.63,19.8,2.7,0.28,0.32,0.6,8.8,5.4,0,0,2,0,0,0,0,0.689212409,0.005346093,0.002657793,0.025304498,0.007204475,0.130758546,0.095604379,0.038601153,0.005310654,0,0,0.544847416,0.00422628,0.002101082,0.020004124,0.005695399,0.206738749,0.151157461,0.061031224,0.004198265,0,0,0.174415736,0.174415736,48.9,1.79,3.16,10.75,1.23,10.81,18.26,3.37,0.12,0,1.891260727,0.623270805,0.347701852,0.756687317,0.144041138,0.252708345,0.005920826,0.040293295,0.052074493,0,0,0.108739273,0.035301864,0.360760112,0.201255951,0.437983937,4.113958797,0.437983937,0.221996768,0.125705083,0.638468755,0,-0.012232741,0.641895882,0.035301864,1,0,0.054369637,0.70231768,0.134327488,0.70231768,0.432857554,0.221996768,0.125705083,0.117860691,0.042610323,0.117860691,1.336412045,-8.412961157,-8.412961157,0.228392634,0.174415736,0.174415736,0.110531943,69,69,2,1133.15,
70,61,0.47,20.5,2.8,0.23,0.17,0.35,9.5,5,0,0,5.6,0,0,0,0,0.68541101,0.002847598,0.002188942,0.026310874,0.004213688,0.13573818,0.103481327,0.035836022,0.00397236,0,0,0.537553851,0.002233313,0.001716742,0.020635081,0.00330471,0.212913363,0.162316581,0.056210919,0.003115441,0,0,0.097656434,0.097656434,47.1,3.73,3.68,14.56,1.31,7.2,15.42,4.95,0.1,0,1.862631971,0.424470182,0.481530183,0.653376719,0.171518464,0.379540812,0.005045041,0.043879591,0.11095438,0,0,0.137368029,0.034150435,0.272204963,0.308796498,0.418998538,4.132947343,0.418998538,0.260849646,0.220680537,0.541709856,0,-0.027406997,0.468501628,0.034150435,1,0,0.068684015,0.584692704,0.160653831,0.584692704,0.261279983,0.260849646,0.220680537,0.122777778,0.056267846,0.122777778,1.229549308,-8.965640644,-8.965640644,0.196141303,0.097656434,0.097656434,0.073363525,70,70,2,1048.15,
71,60.7,0.67,19.4,3.1,0.16,0.28,0.6,9.8,5.34,0,0,3.12,0,0,0,0,0.679494868,0.004672659,0.001517059,0.029021187,0.007196509,0.127975295,0.106350787,0.038130043,0.005641593,0,0,0.534002591,0.003672157,0.001192229,0.02280722,0.005655605,0.201146888,0.167158277,0.059931407,0.004433625,0,0,0.138675897,0.138675897,52.3,0.86,0.85,11.3,1.14,11.9,20.8,0.92,0,0,1.976938579,0.670574438,0.357211906,0.842418623,0.037867561,0.067425853,0,0.036499042,0.024452283,0,0,0.023061421,0.014806139,0.358556656,0.191001474,0.45044187,4.013388285,0.45044187,0.026776569,0.330435336,0.074959901,0,0.085409132,0.652437792,0.014806139,1,0,0.011530711,0.830887912,0.098449216,0.830887912,0.52351766,0.026776569,0.330435336,0.085768501,0.079339303,0.085768501,0.434529815,-9.44141625,-9.44141625,0.230353429,0.138675897,0.138675897,0.144584928,71,71,1,1123.15,
72,60.74,0.66,19.7,3.09,0.19,0.28,0.61,9.4,5.4,0,0,2.79,0,0,0,0,0.68079982,0.004678549,0.001803779,0.028964039,0.007325674,0.130118123,0.102138539,0.038607079,0.005564396,0,0,0.535698516,0.003681393,0.001419333,0.022790829,0.005764327,0.204771163,0.160738772,0.060757229,0.004378437,0,0,0.139062276,0.139062276,51.6,1.35,1.82,11.4,0.99,10.5,20.8,1.54,0.1,0,1.955575192,0.593229395,0.361314726,0.84461986,0.081292994,0.113159931,0.004834854,0.031779359,0.038484696,0,0,0.044424808,0.036868186,0.329725028,0.200823677,0.469451294,4.024291008,0.469451294,0.043747162,0.317567565,0.121077715,0,0.033660133,0.621471423,0.036868186,1,0,0.022212404,0.822407456,0.066068333,0.822407456,0.494641248,0.043747162,0.317567565,0.098381877,0.086470024,0.098381877,1.361798194,-8.478776103,-8.478776103,0.224593685,0.139062276,0.139062276,0.126211808,72,72,0.5,1123.15,
73,58.9,0.62,20.4,3.18,0.22,0.32,0.78,10.4,5.24,0,0,2.55,0,0,0,0,0.662014731,0.005361803,0.002094403,0.029890658,0.009393341,0.135116829,0.113319028,0.037567491,0.005241716,0,0,0.514784609,0.004169354,0.001628614,0.023243064,0.00730429,0.210134491,0.176234421,0.058425184,0.004075974,0,0,0.152092969,0.152092969,50.2,2.13,2.45,12.3,1.03,9.6,20.5,1.68,0,0,1.918482123,0.54693261,0.393110953,0.839423333,0.110351195,0.124483118,0,0.033340829,0.061229839,0,0,0.081517877,0.028833318,0.307357564,0.220915014,0.471727423,4.027354,0.471727423,0.054708,0.338402954,0.139166816,0,0.031855547,0.581808111,0.028833318,1,0,0.040758938,0.798664394,0.070689584,0.798664394,0.448759612,0.054708,0.338402954,0.128930818,0.110987926,0.128930818,1.077737459,-8.541514105,-8.541514105,0.217216309,0.152092969,0.152092969,0.088285491,73,73,0.5,1123.15,
74,61.5,0.31,19.4,2.67,0.15,0.18,0.45,10.1,5.21,0,0,5.53,0,0,0,0,0.687994004,0.003001861,0.001421301,0.0249791,0.005393804,0.127890471,0.109533774,0.037177125,0.002608559,0,0,0.5397719,0.002355137,0.001115094,0.019597578,0.004231758,0.200675245,0.171871421,0.058335298,0.002046569,0,0,0.107279071,0.107279071,50.6,0.96,2.13,14.9,1.3,7.2,19.9,1.7,0.3,0,1.973140909,0.418551233,0.485903298,0.831445518,0.097891302,0.128529744,0.014924073,0.042937432,0.028158421,0,0,0.026859091,0.07103221,0.241114823,0.279914329,0.478970848,4.021481929,0.478970848,0.028039784,0.457863513,0.057706512,0,0.022071703,0.462758168,0.07103221,1,0,0.013429546,0.818015972,0.043219279,0.818015972,0.361393813,0.028039784,0.457863513,0.139513109,0.131462294,0.139513109,1.95567144,-8.360674654,-8.360674654,0.195073019,0.107279071,0.107279071,0.055559911,74,74,2,1073.15,
75,60.3,0.47,20.2,2.36,0.25,0.18,0.54,10.5,5.23,0,0,4.79,0,0,0,0,0.676733451,0.00301149,0.002376432,0.022149725,0.006493326,0.133591437,0.114236996,0.037439545,0.003967598,0,0,0.526531014,0.002343083,0.001848978,0.017233546,0.005052119,0.207881063,0.1777637,0.058259516,0.003086981,0,0,0.119684254,0.119684254,50,1.11,2.79,14.5,1.25,7.1,18.6,2.04,0.44,0,1.966453886,0.416275313,0.47691146,0.783790225,0.129322735,0.15555754,0.022076234,0.041639826,0.032837207,0,0,0.033546114,0.095776621,0.24822959,0.284387598,0.467382812,4.024864426,0.467382812,0.027652618,0.449258842,0.057982709,0,0.032655424,0.466047977,0.095776621,1,0,0.016773057,0.767017168,0.063084803,0.767017168,0.341550307,0.027652618,0.449258842,0.155765099,0.146733417,0.155765099,2.235242738,-8.003767673,-8.003767673,0.195684924,0.119684254,0.119684254,0.039919825,75,75,2,1073.15,
76,59.9,0.7,19,2.96,0.21,0.32,0.66,10.6,5.7,0,0,4.56,0,0,0,0,0.67023019,0.005337719,0.001990222,0.027697774,0.007912509,0.125278829,0.114979435,0.040681838,0.005891484,0,0,0.523233045,0.004167032,0.00155372,0.021623005,0.006177111,0.195604507,0.179523516,0.06351872,0.004599344,0,0,0.161570747,0.161570747,50.3,1.38,2.25,12.9,1.04,10.1,20.4,1.66,0,0,1.924176167,0.575979154,0.412688674,0.836142213,0.101441644,0.123120982,0,0.033697316,0.039708676,0,0,0.075823833,0.025617811,0.315637869,0.22615432,0.45820781,4.046954826,0.45820781,0.093909653,0.318779021,0.227555682,0,0.036162823,0.582572939,0.025617811,1,0,0.037911917,0.798230297,0.095218766,0.798230297,0.449706265,0.093909653,0.318779021,0.138078673,0.106658086,0.138078673,0.980098759,-8.834671344,-8.834671344,0.217358567,0.161570747,0.161570747,0.079279894,76,76,2,1123.15,
77,59.5,0.7,19.3,3.02,0.18,0.33,0.65,10.8,5.6,0,0,3.83,0,0,0,0,0.666232768,0.005508477,0.00170713,0.028279515,0.007798221,0.127348329,0.117233011,0.039996832,0.005895716,0,0,0.518639334,0.00428816,0.001328942,0.022014632,0.006070647,0.198272604,0.182523748,0.062272321,0.004589612,0,0,0.163026042,0.163026042,50.9,1.02,1.31,12.5,0.94,10.7,21.3,1.27,0,0,1.946407532,0.609969778,0.399744044,0.872707552,0.059039709,0.094160087,0,0.030445911,0.029339022,0,0,0.053592468,0.005447241,0.324034664,0.212356303,0.463609033,4.041813635,0.463609033,0.083627269,0.316116774,0.20920204,0,0.030594426,0.604093653,0.005447241,1,0,0.026796234,0.845911318,0.081901252,0.845911318,0.496058752,0.083627269,0.316116774,0.127653649,0.100948245,0.127653649,-0.580565548,-10.46868822,-10.46868822,0.221361419,0.163026042,0.163026042,0.093707771,77,77,2,1123.15,
78,59.6,0.6,19,3.11,0.22,0.29,0.68,10.8,5.7,0,0,3.31,0,0,0,0,0.667401509,0.004841138,0.002086646,0.029124421,0.008158738,0.125378031,0.117241623,0.040714052,0.005053842,0,0,0.520052973,0.003772314,0.001625957,0.022694348,0.006357456,0.195394277,0.182714165,0.063450452,0.003938057,0,0,0.142526708,0.142526708,50.5,1,1.65,13.1,1.11,10.7,21.3,0.71,0,0,1.932665238,0.610460517,0.419268801,0.873409672,0.074422819,0.05268303,0,0.035981011,0.028786889,0,0,0.067334762,0.007088057,0.320765073,0.220303826,0.458931101,4.027677978,0.458931101,0.055355956,0.363912845,0.132029753,0,0.069210273,0.592827846,0.007088057,1,0,0.033667381,0.839742291,0.094993514,0.839742291,0.481021436,0.055355956,0.363912845,0.114162935,0.099090031,0.114162935,-0.309126641,-10.13211194,-10.13211194,0.219265979,0.142526708,0.142526708,0.105103044,78,78,2,1123.15,
79,60,0.7,19.7,3.05,0.13,0.36,0.63,9.8,5.7,0,0,2.79,0,0,0,0,0.673066572,0.006020296,0.001235194,0.028612948,0.007572172,0.130226665,0.106573687,0.040785911,0.005906555,0,0,0.526826714,0.004712242,0.000966819,0.022396099,0.005926936,0.203863596,0.166835993,0.063848388,0.004623215,0,0,0.173825171,0.173825171,50.9,1.27,1.88,12,0.95,11,21.2,0.74,0,0,1.936529067,0.623889201,0.381806641,0.864201936,0.084298724,0.054586481,0,0.03061364,0.036344561,0,0,0.063470933,0.020827791,0.333648827,0.204185836,0.462165337,4.01227025,0.462165337,0.0245405,0.35726614,0.064274682,0,0.07557204,0.620347885,0.020827791,1,0,0.031735467,0.832466469,0.086614686,0.832466469,0.501169631,0.0245405,0.35726614,0.12876304,0.120486837,0.12876304,0.791348296,-9.043218322,-9.043218322,0.224384707,0.173825171,0.173825171,0.095621666,79,79,0.5,1123.15,
80,59.4,0.7,19.4,3.24,0.31,0.37,0.65,10.2,5.8,0,0,1.98,0,0,0,0,0.666168027,0.006185967,0.002944721,0.030387736,0.00781059,0.128211207,0.110895686,0.041490998,0.005905067,0,0,0.520200784,0.00483053,0.002299489,0.023729335,0.006099174,0.20023648,0.173193611,0.064799416,0.00461118,0,0,0.169132326,0.169132326,49.9,1.1,2.34,11.6,1.46,11.3,21.4,0.86,0,0,1.905336292,0.643217843,0.370412025,0.875503736,0.105303757,0.063667337,0,0.047218162,0.031593174,0,0,0.094663708,0.010640049,0.340482982,0.196075081,0.463441937,4.042252325,0.463441937,0.084504649,0.285907376,0.228136895,0,0.055689762,0.634561008,0.010640049,1,0,0.047331854,0.828171882,0.092728993,0.828171882,0.502140661,0.084504649,0.285907376,0.117229324,0.09048499,0.117229324,0.125552001,-9.648349004,-9.648349004,0.227028347,0.169132326,0.169132326,0.109799024,80,80,0.5,1123.15,
