,Reference,Sample,T_C,T_K,T_sd,P_kbar,P_sd,SiO2_Amp,TiO2_Amp,Al2O3_Amp,Cr2O3_Amp,FeOt_Amp,MnO_Amp,MgO_Amp,CaO_Amp,Na2O_Amp,K2O_Amp,F_Amp,Cl_Amp,Total,Altot,SiO2_Amp_cat_prop,MgO_Amp_cat_prop,FeOt_Amp_cat_prop,CaO_Amp_cat_prop,Al2O3_Amp_cat_prop,Na2O_Amp_cat_prop,K2O_Amp_cat_prop,MnO_Amp_cat_prop,TiO2_Amp_cat_prop,Cr2O3_Amp_cat_prop,F_Amp_cat_prop,Cl_Amp_cat_prop,Si_Amp_13_cat,Mg_Amp_13_cat,Fet_Amp_13_cat,Ca_Amp_13_cat,Al_Amp_13_cat,Na_Amp_13_cat,K_Amp_13_cat,Mn_Amp_13_cat,Ti_Amp_13_cat,Cr_Amp_13_cat,F_Amp_13_cat,Cl_Amp_13_cat,cation_sum_Si_Mg,Si_T,Al_IV_T,Ti_T,Cr_C,Fe3_C,Mg_C,Fe2_C,Mn_C,Ca_B,Na_B,Na_A,K_A,Al_VI_C,Ti_C,Charge,Sum_input,H2O_calc,Fe3_calc,Fe2_calc,Fe2O3_calc,FeO_calc,"O=F,Cl",Total_recalc,Total,Fail Msg,Input_Check,Mgno_Fe2,Mgno_FeT,Na_calc,B_Sum,A_Sum,class,classification
0,Mutch et al. (2016),MC1314 R01,750,1023.15,20,1.0,0.02,50.04,0.67,4.31,,17.48,0.44,12.68,11.06,0.92,0.39,,0.18,98.17,0.745,0.8328340323547033,0.314608971814212,0.24329816552069705,0.19722177642254676,0.08454212885318896,0.029687474789848175,0.008280694304368598,0.006202686891185137,0.008385691756990164,0.0,0.0,0.0050771443883451325,7.266963045451145,2.7451469117769514,2.122918503781742,1.7208751147797419,0.7376794202596128,0.25904054569026863,0.07225389112688863,0.05412206354404758,0.07317005518650341,0.0,0.0,0.04430104824391951,1.4898716771909764,7.266963045451145,0.7330369545488553,0.0,0.0,0.8090097120884465,2.7451469117769514,1.3139087916932954,0.05412206354404758,1.7208751147797419,0.25904054569026863,0.0,0.07225389112688863,0.004642465710757437,0.07317005518650341,45.19099028791155,98.17000000000002,1.905138004410343,0.8090097120884465,1.3139087916932954,7.403033114430271,10.818656315767864,-0.04061461653456696,100.77621281807393,,Low B Cations,False,0.6763018574566536,0.5639092077528911,0.25904054569026863,1.9799156604700106,0.07225389112688863,N/A,Mg-Hornblende
1,Mutch et al. (2016),MC1314 R02,715,988.15,20,2.0,0.02,48.42,0.91,4.71,0.01,18.31,0.37,11.41,10.88,1.02,0.46,,0.23,96.73,0.833,0.8058717795086878,0.283098451766574,0.2548506527851237,0.19401201875925037,0.09238826610174479,0.032914374223527325,0.00976697276925527,0.005215895794860228,0.011389521640091117,0.00013158743129491245,0.0,0.006487462273996558,7.210407004661735,2.532977468042224,2.2802348695034076,1.735891061854936,0.8266290221190099,0.2944960234245559,0.08738840428524945,0.046668381411463025,0.10190589706904367,0.001177357193116666,0.0,0.05804551618797472,1.4529461550283767,7.210407004661735,0.789592995338265,0.0,0.001177357193116666,0.6939012658066375,2.532977468042224,1.5863336036967701,0.046668381411463025,1.735891061854936,0.2641089381450641,0.0303870852794918,0.08738840428524945,0.03703602678074491,0.10190589706904367,45.30609873419336,96.72999999999999,1.8448630810927527,0.6939012658066375,1.5863336036967701,6.19233284677963,12.738059869250872,-0.05189645446083556,99.14335934266242,,,True,0.6149031777230922,0.5262550850465592,0.2641089381450641,2.0,0.11777548956474125,N/A,Mg-Hornblende
2,Mutch et al. (2016),MC1314 R03 ,715,988.15,15,4.3,0.05,44.14,1.41,9.6,,19.18,0.35,10.04,10.42,1.57,1.02,,0.07,97.82,1.692,0.7346381732241528,0.2491067884080984,0.26695988642373963,0.18580930473082616,0.18830729396533968,0.05066232110876265,0.02165720048834864,0.00493395548162454,0.017647500563218104,0.0,0.0,0.001974445039911996,6.534166723602192,2.2156557428754295,2.3744483610905163,1.6526625217137672,1.6748806404108127,0.45061101477546023,0.19262783219702193,0.04388458005425325,0.156963951966796,0.0,0.0,0.017561506531512495,1.4615935980661732,6.534166723602192,1.4658332763978077,0.0,0.0,0.9942941180511937,2.2156557428754295,1.3801542430393225,0.04388458005425325,1.6526625217137672,0.34733747828623285,0.10327353648922738,0.19262783219702193,0.20904736401300505,0.156963951966796,45.005705881948806,97.79999999999998,1.8945319223242052,0.9942941180511937,1.3801542430393225,8.92582966713988,11.148424541579278,-0.01579457309677604,100.57299155794657,,,True,0.6161770926590773,0.48270272148317006,0.34733747828623285,2.0,0.2959013686862493,N/A,Mg-Hornblende
3,Mutch et al. (2016),MC1314 R05,730,1003.15,50,10.0,0.05,43.22,1.22,13.13,,18.93,0.31,7.74,10.3,1.53,0.89,,0.02,97.3,2.327,0.7193262765461687,0.19204049225883288,0.2634802215850569,0.18366946628862854,0.2575494551838448,0.049371561335290984,0.018896969053559108,0.004370074855153164,0.015269468572429848,0.0,0.0,0.0005641271542605703,6.440089409581859,1.7193281835125866,2.3589242322851502,1.6443828388813628,2.305826400137907,0.4420209293849161,0.1691835461083857,0.03912504479731114,0.13670672968518607,0.0,0.0,0.005050600027090587,1.4520359890014862,6.440089409581859,1.5599105904181414,0.0,0.0,0.6406111680719704,1.7193281835125866,1.7183130642131799,0.03912504479731114,1.6443828388813628,0.35561716111863717,0.08640376826627894,0.1691835461083857,0.7459158097197656,0.13670672968518607,45.35938883192803,97.28999999999999,1.8940212124984208,0.6406111680719704,1.7183130642131799,5.713194096305651,13.78919503236656,-0.00451273517050744,99.75189760600011,,Low Mg# (<54),False,0.5001476476493989,0.42158454362768355,0.35561716111863717,2.0,0.25558731437466464,N/A,Tschermakitic pargasite
4,Mutch et al. (2016),MC1314 R06 ,715,988.15,15,8.0,0.05,41.02,3.04,12.29,0.05,17.76,0.27,9.73,10.21,1.91,0.95,,0.02,97.25,2.184,0.6827108714466413,0.24141524414450177,0.24719539014002173,0.18206458745698034,0.24107256696187757,0.06163377918327175,0.02017092202346197,0.0038061942286817885,0.038048511852612085,0.0006579371564745623,0.0,0.0005641271542605703,6.1002133206376685,2.157112988423219,2.2087602157808064,1.626798207077148,2.154051071583235,0.5507151218763336,0.18023285165553923,0.03400941409580814,0.3399741362575988,0.005878853221663225,0.0,0.005040634512911391,1.454906715930811,6.1002133206376685,1.8997866793623315,0.0,0.005878853221663225,0.9751507737183971,2.157112988423219,1.2336094420624093,0.03400941409580814,1.626798207077148,0.37320179292285194,0.1775133289534817,0.18023285165553923,0.25426439222090336,0.3399741362575988,45.0248492262816,97.24999999999999,1.8977752400213839,0.9751507737183971,1.2336094420624093,8.713928875110678,9.91909557882158,-0.00451273517050744,100.01628695878313,,,True,0.6361809415683346,0.4940851205541363,0.37320179292285194,2.0,0.35774618060902097,N/A,Tschermakitic pargasite
5,Mutch et al. (2016),MC1314 R07,730,1003.15,50,10.0,0.05,41.28,2.8,13.0,,16.63,0.22,10.07,10.28,1.96,1.0,,0.02,97.26,2.294,0.6870381465947674,0.24985113140134974,0.2314673050691757,0.18331282654826225,0.25499946057806416,0.06324722890011132,0.02123254949838102,0.0031013434455925684,0.035044681969511125,0.0,0.0,0.0005641271542605703,6.111175683443189,2.222415401922788,2.058892032795965,1.6305599530643462,2.2682095754065146,0.5625814654036991,0.1888626429771494,0.02758632070817182,0.31172098572336754,0.0,0.0,0.005017887528624541,1.461502069058461,6.111175683443189,1.8888243165568106,0.0,0.0,0.8734330717508456,2.222415401922788,1.1854589610451196,0.02758632070817182,1.6305599530643462,0.3694400469356538,0.19314141846804533,0.1888626429771494,0.379385258849704,0.31172098572336754,45.126566928249154,97.25999999999999,1.9063999325729264,0.8734330717508456,1.1854589610451196,7.840362794501284,9.575141487826622,-0.00451273517050744,99.94739147973033,,,True,0.6521412367993793,0.5190973635530994,0.3694400469356538,2.0,0.3820040614451947,N/A,Tschermakitic pargasite
6,Mutch et al. (2016),MC1314 R08 ,760,1033.15,20,1.0,0.02,50.51,0.61,3.85,,17.59,0.4,12.69,10.73,0.87,0.37,,0.17,97.79,0.667,0.8406564143532387,0.31485708614529573,0.24482921804971744,0.19133722070650333,0.07551907101734977,0.0280740250730086,0.007856043314400978,0.005638806264713761,0.007634734286214924,0.0,0.0,0.004795080811214848,7.338845009967566,2.748670343862261,2.137334176603857,1.6703544794615115,0.659273810358607,0.24508338400684657,0.0685824592444669,0.04922620527413217,0.06665045393357716,0.0,0.0,0.041860567864517056,1.4891353301165302,7.338845009967566,0.659273810358607,0.0018811796738266162,0.0,0.875360459664769,2.748670343862261,1.2619737169390879,0.04922620527413217,1.6703544794615115,0.24508338400684657,0.0,0.0685824592444669,0.0,0.06476927425975054,45.12463954033523,97.79000000000002,1.9065726294109058,0.875360459664769,1.2619737169390879,8.006232273231182,10.385890013807073,-0.038358248949313244,100.46033666749986,,Low B Cations,False,0.685343875495414,0.5625599264898022,0.24508338400684657,1.915437863468358,0.0685824592444669,N/A,Mg-Hornblende
7,Mutch et al. (2016),MC1314 R10 ,705,978.15,20,2.0,0.02,48.72,0.65,6.14,,18.04,0.51,11.74,11.33,0.63,0.36,,0.03,98.14,1.063,0.810864789294987,0.2912862246923382,0.25109261475934636,0.2020364129174914,0.12043820676533183,0.02032946643217864,0.0076437178194171665,0.007189477987510045,0.008135372600065085,0.0,0.0,0.0008461907313908554,7.0793787289480825,2.543118816289289,2.1922023737999563,1.763909720786667,1.0515041353176346,0.1774895076600403,0.06673464436396616,0.0627688342236095,0.07102711142142804,0.0,0.0,0.007387797254891207,1.4890066860995785,7.0793787289480825,0.9206212710519175,0.0,0.0,0.875640590345995,2.543118816289289,1.3165617834539614,0.0627688342236095,1.763909720786667,0.1774895076600403,0.0,0.06673464436396616,0.13088286426571716,0.07102711142142804,45.124359409654005,98.14999999999999,1.939969968298011,0.875640590345995,1.3165617834539614,8.008102540881637,10.834207123104218,-0.006769102755761159,100.8855105295281,,Low B Cations,False,0.6588935925056751,0.5370530771200674,0.1774895076600403,1.9413992284467072,0.06673464436396616,N/A,Mg-Hornblende
8,Mutch et al. (2016),MC1314 R11 ,720,993.15,20,1.5,0.02,49.59,0.53,4.5,,19.42,0.6,11.89,9.76,0.8,0.42,,0.03,97.54,0.785,0.8253445176752546,0.2950079396585947,0.2703003646688751,0.17404019329873927,0.08826904404625298,0.025815195469433196,0.008917670789320029,0.00845820939707064,0.006633457658514607,0.0,0.0,0.0008461907313908554,7.181647616994763,2.5669802385205838,2.3519899002477413,1.514392247961827,0.7680637070380392,0.2246281801780331,0.07759616475511986,0.07359821027419214,0.057720326924678864,0.0,0.0,0.007363038730460563,1.4940135331045628,7.181647616994763,0.7680637070380392,0.050288675967198104,0.0,1.422191564266278,2.5669802385205838,0.9297983359814634,0.07359821027419214,1.514392247961827,0.2246281801780331,0.0,0.07759616475511986,0.0,0.007431650957480759,44.57780843573372,97.54,1.9465173836122212,1.422191564266278,0.9297983359814634,13.050276769032973,7.677194397330559,-0.006769102755761159,100.78721944722,,Low B Cations,False,0.734098594986424,0.5218531859523217,0.2246281801780331,1.73902042813986,0.07759616475511986,N/A,Mg-Hornblende
9,Mutch et al. (2016),MC1314 R12 A ,680,953.15,15,4.3,0.05,43.95,0.65,9.83,,24.38,0.65,6.46,10.09,0.96,0.56,,0.05,97.58,1.764,0.73147593369283,0.16028185788011115,0.33933691506834057,0.17992474901478273,0.1928188228832593,0.030978234563319832,0.011890227719093371,0.009163060180159862,0.008135372600065085,0.0,0.0,0.0014103178856514258,6.598048993986861,1.4457721743505922,3.060882098725999,1.6229547064344685,1.739261651335297,0.27942943845618545,0.10725206589391814,0.08265250737412942,0.07338257422712233,0.0,0.0,0.012721329681547221,1.441211962304766,6.598048993986861,1.4019510060131388,0.0,0.0,1.2852842950177035,1.4457721743505922,1.7755978037082953,0.08265250737412942,1.6229547064344685,0.27942943845618545,0.0,0.10725206589391814,0.33731064532215815,0.07338257422712233,44.7147157049823,97.58,1.8726740948320415,1.2852842950177035,1.7755978037082953,11.377167489097031,14.142679481978748,-0.0112818379262686,100.58123922798156,,Low B Cations,False,0.4488066208470026,0.3208083173781148,0.27942943845618545,1.902384144890654,0.10725206589391814,N/A,low-Mg
10,Mutch et al. (2016),MC1314 R12 B ,680,953.15,15,4.3,0.05,44.59,0.81,9.97,0.04,22.94,0.68,6.43,10.46,1.0,0.76,,0.04,97.73,1.79,0.7421276879036016,0.15953751488685985,0.31929404559752805,0.1865225842115587,0.19556497092025385,0.03226899433679149,0.016136737618769575,0.009585970650013393,0.01013792585546572,0.0005263497251796498,0.0,0.0011282543085211407,6.714804706059555,1.4435026117695315,2.8889868885656895,1.6876647329897927,1.7694806547175959,0.2919713124362531,0.14600592791389955,0.08673429368292178,0.09172840921252155,0.0047624359921854265,0.0,0.010208495739986197,1.436774465538902,6.714804706059555,1.2851952939404452,0.0,0.0047624359921854265,0.7993839724163294,1.4435026117695315,2.08960291614936,0.08673429368292178,1.6876647329897927,0.2919713124362531,0.0,0.14600592791389955,0.4842853607771507,0.09172840921252155,45.20061602758367,97.72000000000004,1.8692687548515192,0.7993839724163294,2.08960291614936,7.054254600091445,16.592491674569388,-0.00902547034101488,100.28698955917137,,Low B Cations,False,0.40856481652270354,0.3331808678723497,0.2919713124362531,1.9796360454260458,0.14600592791389955,N/A,low-Mg
11,Mutch et al. (2016),MC1314 RB02,700,973.15,20,2.5,0.02,47.08,1.05,8.26,,16.49,0.39,12.23,10.65,1.34,0.62,,0.1,98.22,1.426,0.7835696691298848,0.30344382691544264,0.22951869275951337,0.18991066174503826,0.16202273418267768,0.0432404524113006,0.013164180688996233,0.005497836108095917,0.013141755738566673,0.0,0.0,0.0028206357713028516,6.803662181340998,2.634774380226506,1.9928893515911208,1.6489765212364065,1.4068282534471406,0.3754528057492683,0.1143033502069066,0.047737196935404645,0.1141086364588292,0.0,0.0,0.024491316701756815,1.4971945148341812,6.803662181340998,1.1963378186590017,0.0,0.0,0.9699209125242163,2.634774380226506,1.0229684390669045,0.047737196935404645,1.6489765212364065,0.3510234787635935,0.024429326985674793,0.1143033502069066,0.2104904347881389,0.1141086364588292,45.030079087475784,98.21000000000001,1.933894346111701,0.9699209125242163,1.0229684390669045,8.919112526354944,8.464468710591113,-0.0225636758525372,101.01491190720525,,,True,0.7203279482441802,0.569353032743292,0.3510234787635935,2.0,0.1387326771925814,N/A,Mg-Hornblende
12,Mutch et al. (2016),MC1314 RB03,690,963.15,20,3.0,0.02,46.0,1.35,9.5,,15.72,0.36,12.02,10.23,1.55,0.71,,0.03,97.48,1.646,0.7655948338992077,0.2982334259626836,0.21880132505637057,0.1824212271973466,0.18634575965320074,0.050016941222026816,0.015075110143850523,0.005074925638242384,0.016896543092442866,0.0,0.0,0.0008461907313908554,6.675444591243598,2.600384200780465,1.9077925519241057,1.590583870871398,1.624803013681132,0.43611229460710366,0.1314442809908211,0.0442497564021293,0.14732588596857146,0.0,0.0,0.007378183721870847,1.4909468133021477,6.675444591243598,1.3245554087564022,0.0,0.0,0.9809317145537975,2.600384200780465,0.9268608373703082,0.0442497564021293,1.590583870871398,0.40941612912860204,0.02669616547850162,0.1314442809908211,0.3002476049247298,0.14732588596857146,45.0190682854462,97.47,1.9425070577167554,0.9809317145537975,0.9268608373703082,8.9827232486027,7.637230970823536,-0.006769102755761159,100.30569217438723,,,True,0.7372281122107034,0.5768150503904772,0.40941612912860204,2.0,0.1581404464693227,N/A,Mg-Hornblende
13,Mutch et al. (2016),FSC1332 R01 ,760,1033.15,20,0.8,0.02,53.55,0.25,1.63,,14.59,0.52,17.42,10.61,0.22,0.22,,0.01,99.01,0.271,0.8912522468544037,0.4322151647479159,0.2030732399855246,0.18919738226430569,0.031973009287864965,0.0070991787540941285,0.0046711608896438245,0.007330448144127888,0.0031289894615634936,0.0,0.0,0.00028206357713028517,7.3846257914310565,3.5811940607275585,1.6825987152788109,1.5676278782705533,0.26491793973048283,0.05882148259428409,0.038703717497862236,0.060737705423948185,0.025925787408143774,0.0,0.0,0.0023370869177061137,1.5689730984814005,7.3846257914310565,0.26491793973048283,0.3504562688384607,0.0,1.6811979459578694,3.5811940607275585,0.001400769320941464,0.060737705423948185,1.5676278782705533,0.05882148259428409,0.0,0.038703717497862236,0.0,-0.32453048143031693,44.31880205404213,99.02,2.0493365114546855,1.6811979459578694,0.001400769320941464,16.20098576825118,0.012146226076934488,-0.00225636758525372,102.69021213819754,,Low B Cations,False,0.9996090070500876,0.6803448032854752,0.05882148259428409,1.6264493608648374,0.038703717497862236,N/A,Mg-Hornblende
14,Mutch et al. (2016),FSC1332 R04 ,730,1003.15,20,1.5,0.02,49.25,0.66,5.11,0.05,17.21,0.8,12.54,10.54,0.8,0.32,,0.03,97.32,0.885,0.8196857732507822,0.3111353711790393,0.23954012749491968,0.18794914317302375,0.10023440335030061,0.025815195469433196,0.0067944158394819265,0.011277612529427522,0.008260532178527624,0.0006579371564745623,0.0,0.0008461907313908554,7.147822625949259,2.7131621877817382,2.088837453333613,1.6389538307735096,0.8740638907570782,0.2251136280405625,0.05924865460937852,0.09834301952666467,0.07203348006626555,0.005737342585379692,0.0,0.007378951121375141,1.4907917571394715,7.147822625949259,0.8521773740507408,0.0,0.005737342585379692,1.118216610429542,2.7131621877817382,0.9706208429040712,0.09834301952666467,1.6389538307735096,0.2251136280405625,0.0,0.05924865460937852,0.021886516706337455,0.07203348006626555,44.88178338957046,97.30999999999997,1.9423042919655638,1.118216610429542,0.9706208429040712,10.238822507667729,7.996976825420398,-0.006769102755761159,100.27133452229792,,Low B Cations,False,0.7365151978770663,0.5650067452215713,0.2251136280405625,1.8640674588140722,0.05924865460937852,N/A,Mg-Hornblende
15,Mutch et al. (2016),FSC1332 R05 ,680,953.15,15,4.3,0.05,44.93,1.92,9.33,,14.74,0.27,13.78,10.14,1.84,0.51,,0.01,97.46,1.607,0.747786432328074,0.34190154823342594,0.20516103888873424,0.1808163483656984,0.1830111513225645,0.05937494957969635,0.01082860024417432,0.0038061942286817885,0.02403063906480763,0.0,0.0,0.00028206357713028517,6.456294721987098,2.951935293110844,1.7713348026533808,1.5611457832525475,1.5800954380384735,0.5126359038050333,0.09349278293979305,0.03286220590147689,0.2074775383087273,0.0,0.0,0.00243530171926428,1.505697004066288,6.456294721987098,1.5437052780129017,0.0,0.0,1.36393978811995,2.951935293110844,0.40739501453343085,0.03286220590147689,1.5611457832525475,0.4388542167474525,0.07378168705758081,0.09349278293979305,0.03639016002557183,0.2074775383087273,44.63606021188005,97.47000000000001,1.9665908495272306,1.36393978811995,0.40739501453343085,12.613623895983023,3.3901002256758828,-0.00225636758525372,100.69805860360091,,,True,0.8787273125222641,0.6249770250822849,0.4388542167474525,2.0,0.16727446999737386,N/A,Tschermakitic pargasite
16,Mutch et al. (2016),CMA201,810,1083.15,20,1.0,0.02,52.82,0.97,4.0,0.01,7.63,0.12,18.56,12.11,0.76,0.46,,0.08,97.51,0.665,0.8791025897077425,0.4605001984914648,0.10619937087659716,0.21594536279177587,0.0784613724855582,0.024524435695961536,0.00976697276925527,0.0016916418794141281,0.012140479110866355,0.00013158743129491245,0.0,0.0022565086170422814,7.4295483587505675,3.8918193780363977,0.8975213710368805,1.8250162546362294,0.6630995835983053,0.20726304655158512,0.08254349077950723,0.014296551160170323,0.1026026742596323,0.001112083158046815,0.0,0.019070402122039545,1.538227239982938,7.4295483587505675,0.5704516412494325,0.0,0.001112083158046815,0.33164722061969343,3.8918193780363977,0.565874150417187,0.014296551160170323,1.8250162546362294,0.1749837453637706,0.032279301187814524,0.08254349077950723,0.09264794234887286,0.1026026742596323,45.66835277938031,97.52000000000001,1.9923476059635978,0.33164722061969343,0.565874150417187,3.133314239836501,4.8106038552542945,-0.01805094068202976,99.80821476037238,,,True,0.8730567395884898,0.8126002266156259,0.1749837453637706,2.0,0.11482279196732176,N/A,Mg-Hornblende
17,Johnson and Rutherford (1989),68,780,1053.15,15,2.0,0.02,46.51,1.32,7.37,,14.78,0.7,14.54,11.64,1.56,0.79,,,99.21,1.258,0.7740829505359164,0.36075823739579194,0.20571778526292345,0.2075643288931686,0.144565078804641,0.050339631165394735,0.016773714103721006,0.00986791096324908,0.01652106435705525,0.0,0.0,0.0,6.657619335780485,3.10275664276741,1.7693074158682554,1.7851888980383137,1.2433541692942258,0.43295373134205173,0.14426490503695097,0.08487048421258189,0.14209195207704212,0.0,0.0,0.0,1.5115130273195772,6.657619335780485,1.2433541692942258,0.09902649492528948,0.0,1.0096268225350897,3.10275664276741,0.7596805933331656,0.08487048421258189,1.7851888980383137,0.2148111019616863,0.21814262938036544,0.14426490503695097,0.0,0.04306545715175264,44.99037317746491,99.21000000000001,1.9765939588025239,1.0096268225350897,0.7596805933331656,9.373026976674485,6.346030694702204,-0.0,102.12565163017922,,Recalc Total>102,False,0.8033157442060803,0.6368464382704118,0.2148111019616863,2.0,0.36240753441731643,N/A,Mg-Hornblende
18,Johnson and Rutherford (1989),78c,780,1053.15,15,2.0,0.02,46.88,1.24,7.38,,14.44,0.74,14.24,11.56,1.29,0.82,,,98.59,1.258,0.7802409959390187,0.3533148074632791,0.20098544108231495,0.2061377699317035,0.14476123223585488,0.04162700269446103,0.017410690588672437,0.010431791589720456,0.015519787729354927,0.0,0.0,0.0,6.738485710441948,3.0513736060658503,1.7357938506039514,1.780291505184788,1.250218201715097,0.35950810619425244,0.15036596429991334,0.0900932903135146,0.13403534085963884,0.0,0.0,0.0,1.505254056039543,6.738485710441948,1.250218201715097,0.011296087842955327,0.0,0.934282614817981,3.0513736060658503,0.8015112357859704,0.0900932903135146,1.780291505184788,0.21970849481521193,0.1397996113790405,0.15036596429991334,0.0,0.12273925301668351,45.06571738518202,98.59,1.9684091502055563,0.934282614817981,0.8015112357859704,8.637641325685685,6.667740089482644,-0.0,101.42379056537389,,,True,0.7919711414471609,0.6374069078812926,0.21970849481521193,2.0,0.29016557567895385,N/A,Mg-Hornblende
19,Johnson and Rutherford (1989),107,760,1033.15,15,2.0,0.02,47.19,1.33,7.54,,14.86,0.68,14.27,11.46,1.56,0.81,,,99.7,1.274,0.7854004393848611,0.35405915045653036,0.20683127801130194,0.20435457122987216,0.1478996871352772,0.050339631165394735,0.017198365093688626,0.009585970650013393,0.016646223935517786,0.0,0.0,0.0,6.715372888801676,3.0272955052968196,1.7684598674290883,1.7472833964984744,1.2645798238009425,0.43041660967892215,0.14705038206029794,0.08196247950455289,0.1423294351669195,0.0,0.0,0.0,1.5204227495735019,6.715372888801676,1.2645798238009425,0.020047287397381375,0.0,0.9479817435256948,3.0272955052968196,0.8204781239033936,0.08196247950455289,1.7472833964984744,0.2527166035015256,0.17770000617739656,0.14705038206029794,0.0,0.12228214776953814,45.052018256474305,99.69999999999999,1.9882451340576563,0.9479817435256948,0.8204781239033936,8.852611905619181,6.8943068179031295,-0.0,102.57516385757995,,Recalc Total>102,False,0.7867654901325535,0.6312447716815265,0.2527166035015256,2.0,0.32475038823769453,N/A,Mg-Hornblende
20,Johnson and Rutherford (1989),74,760,1033.15,15,2.0,0.02,45.95,1.42,7.52,,14.45,0.68,13.95,11.68,1.57,0.94,,,98.16,1.297,0.7647626656014912,0.3461194918618499,0.20112462767586223,0.2082776083739011,0.1475073802728494,0.05066232110876265,0.019958596528478156,0.009585970650013393,0.017772660141680642,0.0,0.0,0.0,6.686459445759501,3.026185834922945,1.758469296406393,1.8210091110508753,1.2896839248407859,0.4429499121212416,0.17450164905341498,0.08381188946919015,0.15538960860118406,0.0,0.0,0.0,1.486872796203747,6.686459445759501,1.2896839248407859,0.023856629399713558,0.0,0.7671481831614386,3.026185834922945,0.9913211132449544,0.08381188946919015,1.8210091110508753,0.17899088894912474,0.26395902317211684,0.17450164905341498,0.0,0.1315329792014705,45.23285181683856,98.16,1.9443721181125921,0.7671481831614386,0.9913211132449544,7.005839264493916,8.146056411484302,-0.0,100.80626779409081,,,True,0.7532496829415503,0.632477315890094,0.17899088894912474,2.0,0.4384606722255318,N/A,Mg-Hornblende
21,Johnson and Rutherford (1989),109,760,1033.15,15,2.5,0.02,45.42,1.43,8.5,,16.8,0.72,12.49,11.3,1.47,1.07,,,99.2,1.457,0.755941681645696,0.3098947995236205,0.23383347715948,0.201501453306942,0.1667304165318112,0.047435421675083494,0.022718827963267692,0.010149851276484769,0.017897819720143184,0.0,0.0,0.0,6.575833725793397,2.695732651914432,2.0340855685816424,1.7528336968634157,1.4503651839366825,0.4126342722221304,0.19762799004034043,0.08829217379625584,0.15569069597758933,0.0,0.0,0.0,1.4944480458572358,6.575833725793397,1.4241662742066028,0.0,0.0,0.9706563165320503,2.695732651914432,1.063429252049592,0.08829217379625584,1.7528336968634157,0.24716630313658428,0.16546796908554612,0.19762799004034043,0.026198909730079656,0.15569069597758933,45.02934368346795,99.19999999999999,1.9542782138133084,0.9706563165320503,1.063429252049592,8.909501372342222,8.783116949642757,-0.0,102.04689653579828,,Recalc Total>102,False,0.7171100156850895,0.5699442401893612,0.24716630313658428,2.0,0.36309595912588655,N/A,Mg-Hornblende
22,Johnson and Rutherford (1989),115,780,1053.15,15,3.0,0.02,46.64,1.46,8.76,,16.05,0.67,13.54,11.5,1.53,1.05,,,101.2,1.463,0.7762465881099794,0.3359468042874156,0.22339448264343179,0.20506785071060468,0.17183040574337247,0.049371561335290984,0.02229417697330007,0.009445000493395549,0.0182732984555308,0.0,0.0,0.0,6.573490449419183,2.844898957782397,1.89177191964866,1.736576467809339,1.4551117497650756,0.41809328618197683,0.18879382100535003,0.07998311553196627,0.1547438078527173,0.0,0.0,0.0,1.5351365797331256,6.573490449419183,1.4265095505808167,0.0,0.0,1.0083796928851143,2.844898957782397,0.8833922267635457,0.07998311553196627,1.736576467809339,0.26342353219066106,0.15466975399131577,0.18879382100535003,0.02860219918425888,0.1547438078527173,44.991620307114886,101.2,2.007486296574087,1.0083796928851143,0.8833922267635457,9.507759856863897,7.494796329458221,-0.0,104.16004248289622,,Recalc Total>102,False,0.763057072788393,0.6006114909392509,0.26342353219066106,2.0,0.3434635749966658,N/A,Mg-Hornblende
23,Johnson and Rutherford (1989),106,780,1053.15,15,5.0,0.02,42.89,1.54,11.23,,18.58,0.74,10.56,11.6,1.64,1.36,,,100.14,1.93,0.7138339657812396,0.26200873362445415,0.25860869081090104,0.206851049412436,0.22028030325320466,0.05292115071233805,0.028876267317798188,0.010431791589720456,0.019274575083231122,0.0,0.0,0.0,6.251417155299641,2.2945474308239944,2.2647714787226723,1.8115027595715743,1.9291097548497766,0.46345817837238384,0.2528845663626254,0.09135665158930556,0.16879752871460904,0.0,0.0,0.0,1.4844380601427511,6.251417155299641,1.7485828447003593,0.0,0.0,0.8911126132435783,2.2945474308239944,1.373658865479094,0.09135665158930556,1.8115027595715743,0.18849724042842575,0.2749609379439581,0.2528845663626254,0.18052691014941735,0.16879752871460904,45.10888738675642,100.13999999999999,1.9411882324943668,0.8911126132435783,1.373658865479094,8.12459580686628,11.269384995521165,-0.0,102.8951690348818,,Recalc Total>102,False,0.6255230064722634,0.5032653947543541,0.18849724042842575,2.0,0.5278455043065835,N/A,Mg-hastingsite
24,Johnson and Rutherford (1989),15a,782,1055.15,15,5.0,0.02,43.52,1.53,11.33,,12.29,0.37,14.85,11.21,2.08,1.06,,,98.24,1.919,0.7243192863324679,0.36844978165938863,0.1710603234696434,0.1998965744752938,0.2222418375653436,0.06711950822052631,0.02250650246828388,0.005215895794860228,0.01914941550476858,0.0,0.0,0.0,6.234059141794091,3.1711674298721313,1.47227913635134,1.7204665001133612,1.912787337444177,0.5776830628569437,0.19370858971966476,0.044892084852851184,0.16481486968541167,0.0,0.0,0.0,1.5104365403264721,6.234059141794091,1.7659408582059086,0.0,0.0,1.0771399867934903,3.1711674298721313,0.39513914955784957,0.044892084852851184,1.7204665001133612,0.2795334998866388,0.2981495629703049,0.19370858971966476,0.14684647923826843,0.16481486968541167,44.92286001320651,98.24,1.9751862450423099,1.0771399867934903,0.39513914955784957,9.99267412204077,3.2984642844976713,-0.0,101.21632465158073,,,True,0.8892021365081275,0.6829339768738313,0.2795334998866388,2.0,0.4918581526899697,N/A,Tschermakitic pargasite
25,Johnson and Rutherford (1989),17,740,1013.15,15,5.0,0.02,44.76,1.1,11.77,,7.82,0.41,17.86,11.29,1.83,0.65,,,97.49,1.963,0.7449570601158377,0.4431321953156014,0.10884391615399605,0.20132313343675884,0.230872588538755,0.05905225963632844,0.013801157173947663,0.005779776421331604,0.013767553630879373,0.0,0.0,0.0,6.258714861519969,3.722950227505013,0.9144460427197255,1.6914049878424962,1.9396630737084424,0.4961242396102061,0.1159496461411183,0.048558466683738664,0.11566732786311106,0.0,0.0,0.0,1.5473530901764012,6.258714861519969,1.7412851384800314,0.0,0.0,1.3166886860890799,3.722950227505013,-0.40224264336935434,0.048558466683738664,1.6914049878424962,0.30859501215750385,0.18752922745270223,0.1159496461411183,0.19837793522841096,0.11566732786311106,44.68331131391092,97.49,2.0234617333076015,1.3166886860890799,-0.40224264336935434,12.513523770088764,-3.439828403426584,-0.0,100.76715709996976,,unbalanced charge (Fe2<0),False,1.121131606194724,0.8028104588363312,0.30859501215750385,2.0,0.30347887359382053,N/A,Tschermakitic pargasite
26,Johnson and Rutherford (1989),129,762,1035.15,15,6.5,0.02,41.96,1.22,13.0,,20.38,0.68,8.81,11.59,1.52,1.57,,,100.73,2.241,0.6983556354437122,0.21858872568479557,0.28366227764941676,0.20667272954225288,0.25499946057806416,0.04904887139192307,0.0333351027124582,0.009585970650013393,0.015269468572429848,0.0,0.0,0.0,6.132292548096675,1.9194375266452064,2.49085134152376,1.8148026233961827,2.2391618432032723,0.4307003670674685,0.29271705070979,0.08417484358954327,0.13408189694154063,0.0,0.0,0.0,1.480461538578432,6.132292548096675,1.8677074519033248,0.0,0.0,0.8750666021506746,1.9194375266452064,1.6157847393730855,0.08417484358954327,1.8148026233961827,0.1851973766038173,0.2455029904636512,0.29271705070979,0.3714543912999475,0.13408189694154063,45.124933397849325,100.73,1.9359881658333342,0.8750666021506746,1.6157847393730855,7.956926209695652,13.220256239089313,-0.0,103.4631706146183,,Recalc Total>102,False,0.5429467745480857,0.4352180965964947,0.1851973766038173,2.0,0.5382200411734412,N/A,Mg-hastingsite
27,Johnson and Rutherford (1989),120,762,1035.15,15,6.5,0.02,39.75,1.21,13.46,,22.58,0.49,6.16,11.59,1.39,1.75,,,98.38,2.422,0.6615737966846414,0.15283842794759825,0.31428332822982485,0.20667272954225288,0.2640225184139034,0.04485390212814017,0.037156961622166786,0.006907537674274356,0.015144308993967308,0.0,0.0,0.0,6.079051616673893,1.404397660791321,2.887878244488401,1.899068852095311,2.42604305890825,0.41215233676520424,0.34142689561145767,0.0634717975174729,0.13915762162066175,0.0,0.0,0.0,1.4147699179442097,6.079051616673893,1.920948383326107,0.0,0.0,0.5858215279353587,1.404397660791321,2.302056716553042,0.0634717975174729,1.899068852095311,0.10093114790468904,0.3112211888605152,0.34142689561145767,0.5050946755821428,0.13915762162066175,45.41417847206464,98.38,1.8500837388501203,0.5858215279353587,2.302056716553042,5.090474152867395,17.9995263854956,-0.0,100.74008427721311,,Low Mg# (<54),False,0.37890596182046027,0.3271918422261344,0.10093114790468904,2.0,0.6526480844719729,N/A,low-Mg
28,Johnson and Rutherford (1989),119,850,1123.15,15,8.2,0.02,39.93,1.2,15.27,,20.56,0.48,7.11,11.25,1.53,1.87,,,99.2,2.692,0.664569602556421,0.17640928940055578,0.28616763633326836,0.20060985395602632,0.2995262894636184,0.049371561335290984,0.03970486756197251,0.0067665675176565125,0.015019149415504768,0.0,0.0,0.0,5.9645510218904745,1.5832836821267748,2.5683712603732394,1.8004851633477028,2.688265952927952,0.443112648369645,0.3563535068107231,0.06073033892443581,0.13479774375712478,0.0,0.0,0.0,1.4484585346870247,5.9645510218904745,2.0354489781095255,0.0,0.0,0.7126000339010758,1.5832836821267748,1.8557712264721635,0.06073033892443581,1.8004851633477028,0.1995148366522972,0.2435978117173478,0.3563535068107231,0.6528169748184265,0.13479774375712478,45.287399966098924,99.20000000000002,1.8941380838214938,0.7126000339010758,1.8557712264721635,6.339558273956893,14.855584550779858,-0.0,101.72928090855825,,Low Mg# (<54),False,0.4603833681654709,0.38136206020372304,0.1995148366522972,2.0,0.5999513185280709,N/A,low-Mg
29,Schmidt (1992),R31,700,973.15,15,2.5,0.02,47.59,1.11,6.67,,16.54,0.36,12.49,10.89,0.91,0.65,,,97.21,1.158,0.7920577857665935,0.3098947995236205,0.23021462572724993,0.1941903386294335,0.1308343386196683,0.029364784846480262,0.013801157173947663,0.005074925638242384,0.013892713209341913,0.0,0.0,0.0,6.948019766520204,2.7184319519667355,2.0194685272197304,1.7034594388320987,1.1476934981318803,0.2575911874352578,0.12106529923524785,0.04451781711103462,0.1218684390504165,0.0,0.0,0.0,1.4819691884847164,6.948019766520204,1.0519802334797959,0.0,0.0,0.926954726392168,2.7184319519667355,1.0925138008275623,0.04451781711103462,1.7034594388320987,0.2575911874352578,0.0,0.12106529923524785,0.0957132646520844,0.1218684390504165,45.07304527360783,97.21,1.9379597080184752,0.926954726392168,1.0925138008275623,8.437325231275885,8.947987067946881,-0.0,99.99327200724122,,Low B Cations,False,0.7133221326946207,0.5737629914154531,0.2575911874352578,1.9610506262673564,0.12106529923524785,N/A,Mg-Hornblende
30,Schmidt (1992),R30,690,963.15,15,3.5,0.02,46.11,1.17,7.66,0.05,16.51,0.43,11.38,11.4,1.13,0.76,,,96.6,1.346,0.767425604154184,0.28235410877332273,0.22979706594660804,0.20328465200877335,0.15025352830984395,0.036463963600574384,0.016136737618769575,0.006061716734567292,0.01464367068011715,0.0006579371564745623,0.0,0.0,6.874708264767168,2.529368468640436,2.058554966019867,1.8210529720406028,1.3459925851973287,0.32664939842256524,0.14455520232010188,0.05430172502484653,0.13118009525116672,0.005893895099184544,0.0,0.0,1.451193631755118,6.874708264767168,1.1252917352328318,0.0,0.005893895099184544,0.5230262548429536,2.529368468640436,1.5355287111769136,0.05430172502484653,1.8210529720406028,0.1789470279593972,0.14770237046316803,0.14455520232010188,0.2207008499644969,0.13118009525116672,45.476973745157046,96.60000000000001,1.8977147492182311,0.5230262548429536,1.5355287111769136,4.661824785407644,12.315230557358934,-0.0,98.96477009198482,,,True,0.6222466047109436,0.5513100871587919,0.1789470279593972,2.0,0.2922575727832699,N/A,Mg-Hornblende
31,Schmidt (1992),R29,680,953.15,15,4.5,0.02,46.0,0.76,9.19,0.04,17.57,0.24,10.23,10.85,1.36,0.95,,,97.19,1.608,0.7655948338992077,0.25382096069869,0.24455084486262282,0.19347705914870092,0.18026500328556996,0.043885832298036435,0.02017092202346197,0.0033832837588282563,0.009512127963153021,0.0005263497251796498,0.0,0.0,6.827914517990722,2.2636879793171385,2.1810129719922178,1.7255142832291934,1.6076833052157593,0.3913933300147093,0.1798932349423176,0.030173626143390284,0.08483337888503645,0.004694220455734813,0.0,0.0,1.4576534041932514,6.827914517990722,1.1720854820092779,0.0,0.004694220455734813,0.5398115491615627,2.2636879793171385,1.641201422830655,0.030173626143390284,1.7255142832291934,0.2744857167708066,0.1169076132439027,0.1798932349423176,0.43559782320648144,0.08483337888503645,45.46018845083844,97.19,1.9061621439450211,0.5398115491615627,1.641201422830655,4.8328524459750675,13.221337685486036,-0.0,99.58035227540613,,,True,0.5797060418848353,0.5093004015602631,0.2744857167708066,2.0,0.2968008481862203,N/A,Mg-Hornblende
32,Schmidt (1992),R28,665,938.15,15,6.0,0.02,45.44,0.78,10.86,,15.35,0.2,10.82,11.47,1.42,0.77,,,97.11,1.887,0.7562745489647825,0.268459706232632,0.21365142109512011,0.2045328911000553,0.21302262629829052,0.04582197195824392,0.016349063113753386,0.0028194031323568805,0.0097624471200781,0.0,0.0,0.0,6.715597859348972,2.3838795460790676,1.89719068044437,1.8162195825817093,1.8916070825336126,0.4068918320934547,0.14517708337451435,0.025035851948495697,0.08668897964548189,0.0,0.0,0.0,1.4639901528432602,6.715597859348972,1.2844021406510278,0.0,0.0,0.31931115884609085,2.3838795460790676,1.577879521598279,0.025035851948495697,1.8162195825817093,0.18378041741829065,0.22311141467516404,0.14517708337451435,0.6072049418825849,0.08668897964548189,45.68068884115391,97.10999999999999,1.914448661410417,0.31931115884609085,1.577879521598279,2.8711728856069323,12.766481991604842,-0.0,99.31210353862218,,,True,0.601722493810473,0.5568419623928859,0.18378041741829065,2.0,0.3682884980496784,N/A,Mg-Hornblende
33,Schmidt (1992),R12,655,928.15,15,7.5,0.05,44.9,1.23,13.37,,15.53,0.4,10.18,10.0,1.58,1.01,,,98.2,2.29,0.747287131349444,0.2525803890432711,0.21615677977897166,0.1783198701831345,0.2622571375329783,0.05098501105213056,0.02144487499336483,0.005638806264713761,0.015394628150892388,0.0,0.0,0.0,6.479447971995759,2.1900303389367877,1.8742148092967208,1.5461450796539498,2.27393381558829,0.4420720130257793,0.18594051196163913,0.04889198580256501,0.1334810783798769,0.0,0.0,0.0,1.4993148721202714,6.479447971995759,1.520552028004241,0.0,0.0,0.7799053993651199,2.1900303389367877,1.0943094099316009,0.04889198580256501,1.5461450796539498,0.4420720130257793,0.0,0.18594051196163913,0.7533817875840492,0.1334810783798769,45.22009460063488,98.19999999999999,1.960642525080355,0.7799053993651199,1.0943094099316009,7.181941585203551,9.067597295645538,-0.0,100.88018140592943,,Low B Cations,False,0.666809924183805,0.5388529134096812,0.4420720130257793,1.9882170926797291,0.18594051196163913,N/A,Tschermakitic pargasite
34,Schmidt (1992),R07,655,928.15,15,9.5,0.05,42.63,1.21,14.68,,16.06,0.23,9.02,10.3,1.74,1.0,,,96.87,2.561,0.7095066906331137,0.22379912663755455,0.22353366923697907,0.18366946628862854,0.2879532370219986,0.0561480501460172,0.02123254949838102,0.0032423136022104123,0.015144308993967308,0.0,0.0,0.0,6.3037979606891685,1.9884019371867359,1.9860434114075014,1.6318594628022072,2.5583959281530726,0.4988620525781089,0.1886461452656516,0.028807184122943964,0.13455357844057825,0.0,0.0,0.0,1.4631793461258236,6.3037979606891685,1.6962020393108315,0.0,0.0,0.6136738701392588,1.9884019371867359,1.3723695412682426,0.028807184122943964,1.6318594628022072,0.3681405371977928,0.13072151538031607,0.1886461452656516,0.8621938888422411,0.13455357844057825,45.38632612986074,96.86999999999999,1.9133883757030001,0.6136738701392588,1.3723695412682426,5.514958977429862,11.097569522484974,-0.0,99.33591687561781,,,True,0.5916504439334414,0.5002967113109341,0.3681405371977928,2.0,0.31936766064596767,N/A,Tschermakitic pargasite
35,Schmidt (1992),R13,655,928.15,15,11.5,0.05,42.56,0.44,17.83,0.01,14.91,0.56,8.86,10.74,1.76,0.91,,,98.58,3.036,0.7083416550163105,0.21982929734021434,0.20752721097903848,0.19151554057668646,0.34974156785437566,0.05679343003275303,0.01932162004352673,0.007894328770599266,0.005507021452351749,0.00013158743129491245,0.0,0.0,6.143168388995648,1.906492976704065,1.7998018234767006,1.6609389078565806,3.033170968762672,0.49254706624843453,0.16756880614743033,0.06846440642371597,0.047760229634990436,0.0011412060022100905,0.0,0.0,1.4989726688441847,6.143168388995648,1.8568316110043517,0.0,0.0011412060022100905,0.6018368998648143,1.906492976704065,1.1979649236118863,0.06846440642371597,1.6609389078565806,0.3390610921434194,0.15348597410501513,0.16756880614743033,1.1763393577583203,0.047760229634990436,45.398163100135186,98.58,1.9601950284885492,0.6018368998648143,1.1979649236118863,5.540891149504138,9.924235423069872,-0.0,101.09532160106257,,,True,0.6141146177276343,0.514393236234495,0.3390610921434194,2.0,0.3210547802524455,N/A,Tschermakitic pargasite
36,Schmidt (1992),R10,655,928.15,15,13.0,0.05,40.52,0.97,19.22,0.02,16.67,0.19,6.86,9.57,2.22,0.77,,,97.01,3.345,0.674389188469476,0.17020643112346168,0.232024051443365,0.17065211576525974,0.3770068947931072,0.07163716742767712,0.016349063113753386,0.002678432975739036,0.012140479110866355,0.0002631748625898249,0.0,0.0,5.969229794838518,1.5065503974657557,2.0537175041879645,1.5104952917321668,3.337006031140466,0.6340829917478434,0.14471067497062823,0.02370764863319439,0.10745918065007377,0.0023294430840283546,0.0,0.0,1.468708652778605,5.969229794838518,2.030770205161482,0.0,0.0023294430840283546,0.7075023246155112,1.5065503974657557,1.3462151795724533,0.02370764863319439,1.5104952917321668,0.4895047082678332,0.14457828348001023,0.14471067497062823,1.306235825978984,0.10745918065007377,45.29249767538449,97.00999999999999,1.9206190074797145,0.7075023246155112,1.3462151795724533,6.38220304980474,10.927212237179662,-0.0,99.57003429446411,,Low Mg# (<54),False,0.5281017163106274,0.42315646998529893,0.4895047082678332,2.0,0.28928895845063846,N/A,Tschermakitic pargasite
37,Thomas and Ernst (1990),T&E,750,1023.15,15,6.0,0.05,48.87,1.45,6.67,,11.18,0.2,16.17,11.13,1.3,0.49,,,97.45,2.335,0.8133612941881365,0.4012008733624454,0.15561061158589204,0.19847001551382873,0.1308343386196683,0.041949692637828946,0.0104039492542067,0.0028194031323568805,0.018148138877068263,0.0,0.0,0.0,6.947354055207765,3.4268713478548722,1.329153503073562,1.6952386067171397,1.1175260975223285,0.3583147727149261,0.08886569788587684,0.024082030857389608,0.15501296548408205,0.0,0.0,0.0,1.5219746597655675,6.947354055207765,1.0526459447922347,0.0,0.0,0.8400821770588962,3.4268713478548722,0.48907132601466574,0.024082030857389608,1.6952386067171397,0.30476139328286034,0.053553379432065784,0.08886569788587684,0.06488015273009373,0.15501296548408205,45.159917822941104,97.46,1.9902745550780498,0.8400821770588962,0.48907132601466574,7.853012434882354,4.113759179959327,-0.0,100.23704616991974,,,True,0.8751076390167402,0.7205326833365694,0.30476139328286034,2.0,0.14241907731794262,N/A,Mg-Hornblende
38,Thomas and Ernst (1990),T&E,750,1023.15,15,8.0,0.05,46.7,1.28,7.38,,14.61,0.72,14.39,11.6,1.43,0.81,,,98.9,2.628,0.7772451900672392,0.35703652242953554,0.20335161317261918,0.206851049412436,0.14476123223585488,0.04614466190161184,0.017198365093688626,0.010149851276484769,0.016020426043205086,0.0,0.0,0.0,6.697880816880833,3.076748631020477,1.7523747800006704,1.7825310384891133,1.2474744042310306,0.39764986609376124,0.14820625603712603,0.08746595672477511,0.1380554111422146,0.0,0.0,0.0,1.5085648352249388,6.697880816880833,1.2474744042310306,0.05464477888813657,0.0,0.9697349406137548,3.076748631020477,0.7826398393869156,0.08746595672477511,1.7825310384891133,0.21746896151088668,0.18018090458287456,0.14820625603712603,0.0,0.08341063225407802,45.030265059386245,98.92,1.972738630678766,0.9697349406137548,0.7826398393869156,8.98512486008727,6.5250699701569905,-0.0,101.79293346092302,,,True,0.7972114376699941,0.6371236286897626,0.21746896151088668,2.0,0.3283871606200006,N/A,Mg-Hornblende
39,Thomas and Ernst (1990),T&E,750,1023.15,15,10.0,0.05,46.57,1.38,7.53,,14.66,0.68,14.11,11.57,1.57,0.88,,,98.93,2.831,0.7750815524931762,0.3500893211591901,0.20404754614035575,0.20631608980188662,0.14770353370406333,0.05066232110876265,0.018684643558575298,0.009585970650013393,0.017272021827830483,0.0,0.0,0.0,6.70048846533912,3.0264808273658512,1.763966933410201,1.7835782253940073,1.2768796014953763,0.4379697815341301,0.16152653645347714,0.08286958393331077,0.1493145884561387,0.0,0.0,0.0,1.5037799459746295,6.70048846533912,1.2768796014953763,0.022631933165503604,0.0,0.8568615221384945,3.0264808273658512,0.9071054112717065,0.08286958393331077,1.7835782253940073,0.21642177460599266,0.22154800692813742,0.16152653645347714,0.0,0.1266826552906351,45.143138477861505,98.94999999999999,1.966481467812977,0.8568615221384945,0.9071054112717065,7.914108908556319,7.538783793148804,-0.0,101.7093741695181,,,True,0.7693948076282947,0.631774100982068,0.21642177460599266,2.0,0.38307454338161456,N/A,Mg-Hornblende
40,Thomas and Ernst (1990),T&E,750,1023.15,15,12.0,0.05,46.03,1.45,8.63,,16.43,0.7,13.02,11.4,1.5,1.06,,,100.2,3.476,0.7660941348778376,0.3230448590710599,0.22868357319822952,0.20328465200877335,0.16928041113759185,0.04840349150518724,0.02250650246828388,0.00986791096324908,0.018148138877068263,0.0,0.0,0.0,6.573228616722248,2.7717843218699283,1.9621471292958006,1.7442197128131918,1.452457070327998,0.41531086197638667,0.19310993173240293,0.08466849147884334,0.1557143703051807,0.0,0.0,0.0,1.5151190281250364,6.573228616722248,1.4267713832777522,0.0,0.0,0.9927967362819743,2.7717843218699283,0.9693503930138263,0.08466849147884334,1.7442197128131918,0.25578028718680823,0.15953057478957844,0.19310993173240293,0.025685687050245765,0.1557143703051807,45.007203263718026,100.22000000000001,1.9813094983173551,0.9927967362819743,0.9693503930138263,9.238770645280933,8.116836255257288,-0.0,103.1269163988556,,Recalc Total>102,False,0.7408940156158086,0.5855142497231086,0.25578028718680823,2.0,0.35264050652198137,N/A,Mg-Hornblende
41,Mutch et al. (2016),FY1301,679,952.15,40,1.43,0.2,49.17,0.57,4.99,,13.27,0.45,14.0,12.25,0.73,0.45,,0.07,95.88,0.869,0.8183543039744358,0.3473600635172687,0.18470060963727972,0.21844184097433977,0.09788056217573386,0.02355636586585779,0.00955464727427146,0.00634365704780298,0.007134095972364765,0.0,0.0,0.001974445039911996,7.2778768140902566,3.089180004474225,1.6425993947842488,1.9426705547136722,0.8704819789536372,0.20949401515545657,0.08497242029095893,0.056416095474201594,0.06344571222343097,0.0,0.0,0.01755934771392113,1.4617732923248858,7.2778768140902566,0.7221231859097434,0.0,0.0,0.2670654235452261,3.089180004474225,1.3755339712390227,0.056416095474201594,1.9426705547136722,0.057329445286327774,0.1521645698691288,0.08497242029095893,0.14835879304389377,0.06344571222343097,45.732934576454774,95.95,1.8947669071240603,0.2670654235452261,1.3755339712390227,2.3977548583742965,11.112469574932089,-0.01579457309677604,98.0691967673337,,Recalc Total<98.5,False,0.6919099456938272,0.6528579935400911,0.057329445286327774,2.0,0.2371369901600877,N/A,Mg-Hornblende
42,Mutch et al. (2016),FY1307,699,972.15,40,0.92,0.1,49.0,0.97,5.04,,12.37,0.41,14.59,12.07,0.85,0.53,,0.11,95.84,0.876,0.8155249317621995,0.3619988090512108,0.17217381621802186,0.21523208331104335,0.09886132933180333,0.02742864518627277,0.01125325123414194,0.005779776421331604,0.012140479110866355,0.0,0.0,0.0031026993484331365,7.2294407810026335,3.209036107791636,1.526281245256117,1.9079828707465345,0.8763829260144251,0.2431486253262859,0.09975748162006692,0.051236387433506676,0.10762255250168183,0.0,0.0,0.02750471546257209,1.4664791418954335,7.2294407810026335,0.7705592189973665,0.0,0.0,0.29061855853752405,3.209036107791636,1.235662686718593,0.051236387433506676,1.9079828707465345,0.0920171292534655,0.1511314960728204,0.09975748162006692,0.10582370701705868,0.10762255250168183,45.709381441462476,95.93999999999998,1.8913305487861929,0.29061855853752405,1.235662686718593,2.617618354003361,10.014633595359468,-0.024820043437790918,98.0687624547112,,Recalc Total<98.5,False,0.7219918055538894,0.677681318597629,0.0920171292534655,2.0,0.2508889776928873,N/A,Mg-Hornblende
43,Mutch et al. (2016),FY1305,694,967.15,40,1.29,0.1,50.72,0.62,4.22,,11.72,0.41,15.97,12.2,0.95,0.44,,0.06,97.25,0.719,0.8441515212036481,0.3962385867407701,0.16312668763744675,0.2175502416234241,0.0827767479722639,0.03065554461995192,0.009342321779287649,0.005779776421331604,0.007759893864677464,0.0,0.0,0.0016923814627817107,7.316793410348561,3.4344496308634556,1.4139218412540373,1.8856450937390405,0.7174782593887326,0.26571093131016105,0.08097579251480985,0.050096965971924035,0.06725989217329024,0.0,0.0,0.014668937061229296,1.4998332138401378,7.316793410348561,0.683206589651439,0.0,0.0,0.39643822426451436,3.4344496308634556,1.017483616989523,0.050096965971924035,1.8856450937390405,0.11435490626095945,0.1513560250492016,0.08097579251480985,0.034271669737293564,0.06725989217329024,45.603561775735486,97.31,1.9469351141265356,0.39643822426451436,1.017483616989523,3.6519563797036776,8.433923038165078,-0.013538205511522319,99.60927632648377,,,True,0.7714512863641381,0.7083718008437756,0.11435490626095945,2.0,0.23233181756401144,N/A,Mg-Hornblende
44,Ague (1997),SC-69-1b,690,963.15,40,2.0,0.6,49.94,0.81,4.96,,14.72,0.24,14.32,11.68,0.86,0.43,0.11,0.13,98.2,0.847,0.8311696957592702,0.35529972211194916,0.20488266570163963,0.2082776083739011,0.09729210188209217,0.027751335129640686,0.009129996284303839,0.0033832837588282563,0.01013792585546572,0.0,0.00579008316664912,0.003666826502693707,7.193086780149416,3.0748254503908483,1.773090142313215,1.802470565324068,0.8419827328061267,0.24016486990681782,0.07901257217450323,0.02927952475082803,0.08773536958956446,0.0,0.0501083844785073,0.03173335285947045,1.5021653950692453,7.193086780149416,0.8069132198505837,0.0,0.0,0.6722543949864601,3.0748254503908483,1.100835747326755,0.02927952475082803,1.802470565324068,0.19752943467593198,0.04263543523088584,0.07901257217450323,0.03506951295554295,0.08773536958956446,45.32774560501354,98.20000000000002,1.8839863998242143,0.6722543949864601,1.100835747326755,6.202381788109635,9.139017703583486,-0.075650548899908,100.62973534261745,,,True,0.7363685186124616,0.6342572166516985,0.19752943467593198,2.0,0.12164800740538907,N/A,Mg-Hornblende
45,Ague (1997),SC-69-40,710,983.15,40,4.4,0.6,43.72,1.16,9.8,,20.28,0.34,8.64,11.57,1.08,1.13,0.17,0.07,97.96,1.746,0.7276479595233339,0.21437078205637158,0.28227041171394374,0.20631608980188662,0.19223036258961762,0.034850513883734814,0.02399278093317055,0.0047929853250066965,0.01451851110165461,0.0,0.008948310348457732,0.001974445039911996,6.588117538000006,1.940910972698288,2.555673558253799,1.8679838674814646,1.740451830501077,0.31553621324816394,0.21723040487155276,0.04339564244739792,0.13145045809943107,0.0,0.08101791473552654,0.017876606159635926,1.4358310123099283,6.588117538000006,1.4118824619999941,0.0,0.0,0.5516778242174141,1.940910972698288,2.0039957340363848,0.04339564244739792,1.8679838674814646,0.1320161325185354,0.18352008072962855,0.21723040487155276,0.32856936850108287,0.13145045809943107,45.448322175782586,97.95999999999998,1.78478174914261,0.5516778242174141,2.0039957340363848,4.8651467971769495,15.902278816088884,-0.08737658172926364,100.14483078067916,,Low Mg# (<54),False,0.49200427715687167,0.431641162161657,0.1320161325185354,2.0,0.4007504856011813,N/A,low-Mg
46,Ague (1997),SC-69-41,695,968.15,40,4.7,0.6,43.99,0.9,9.86,,20.26,0.34,8.72,11.6,1.07,1.06,0.15,0.07,98.02,1.752,0.7321416683310032,0.21635569670504168,0.2819920385268491,0.206851049412436,0.19340728317690095,0.0345278239403669,0.02250650246828388,0.0047929853250066965,0.011264362061628577,0.0,0.007895567954521529,0.001974445039911996,6.609823274030537,1.953273500755781,2.545842724120711,1.8674649180680472,1.7460937097377882,0.31171947200181177,0.20319018882098638,0.04327138766126491,0.10169540369391689,0.0,0.07128170828803533,0.017825420055458712,1.4399540341264303,6.609823274030537,1.3901767259694626,0.0,0.0,0.5810294378544185,1.953273500755781,1.9648132862662924,0.04327138766126491,1.8674649180680472,0.13253508193195285,0.17918439006985892,0.20319018882098638,0.3559169837683256,0.10169540369391689,45.41897056214558,98.02,1.7991217034049547,0.5810294378544185,1.9648132862662924,5.138707025827187,15.636125830790965,-0.07895516894897098,100.25499939107412,,Low Mg# (<54),False,0.4985273698442905,0.4341460418283375,0.13253508193195285,2.0,0.3823745788908453,N/A,low-Mg
47,Ague (1997),SC-69-43A,720,993.15,40,4.7,0.6,43.9,1.24,10.26,,19.14,0.34,9.49,11.6,1.08,1.21,0.14,0.1,98.5,1.807,0.7306437653951134,0.23546050019849146,0.2664031400495504,0.206851049412436,0.2012534204254568,0.034850513883734814,0.025691384893041035,0.0047929853250066965,0.015519787729354927,0.0,0.007369196757553427,0.0028206357713028516,6.532247718317304,2.1051111198405823,2.3817507055578298,1.8493311782729434,1.799286134559461,0.31157754377894925,0.22969126446624075,0.04285120729973276,0.13875311442509114,0.0,0.06588356869004167,0.025217612814821468,1.4540735991229736,6.532247718317304,1.4677522816826958,0.0,0.0,0.618781035164659,2.1051111198405823,1.7629696703931708,0.04285120729973276,1.8493311782729434,0.15066882172705665,0.1609087220518926,0.22969126446624075,0.3315338528767653,0.13875311442509114,45.38121896483534,98.49999999999997,1.8148672838963027,0.618781035164659,1.7629696703931708,5.526249345030127,14.167410305614787,-0.08151356531458583,100.78701336922661,,,True,0.5442262543108278,0.4691722637689335,0.15066882172705665,2.0,0.3905999865181333,N/A,Mg-Hornblende
48,Ague (1997),SC-69-46,745,1018.15,40,5.6,0.6,42.93,0.88,11.11,,19.62,0.4,9.4,11.63,1.16,1.22,0.14,0.1,98.59,1.954,0.7144997004194128,0.2332274712187376,0.2730840965398213,0.20738600902298543,0.2179264620786379,0.03743203343067813,0.025903710388024845,0.005638806264713761,0.011014042904703498,0.0,0.007369196757553427,0.0028206357713028516,6.382132904223923,2.0832601012432854,2.439271838916089,1.8524361469771635,1.9465867424671535,0.3343545309951959,0.2313799744238614,0.05036756625852871,0.09838084689102043,0.0,0.06582395076789334,0.025194793442594773,1.455390579426027,6.382132904223923,1.6178670957760772,0.0,0.0,0.8217789559295738,2.0832601012432854,1.617492882986515,0.05036756625852871,1.8524361469771635,0.14756385302283648,0.18679067797235943,0.2313799744238614,0.32871964669107623,0.09838084689102043,45.178221044070426,98.59,1.8165894889079879,0.8217789559295738,1.617492882986515,7.345843432441025,13.010116321556533,-0.08151356531458583,101.06103567759098,,,True,0.5629287094061083,0.4606402185342822,0.14756385302283648,2.0,0.41817065239622087,N/A,Tschermakitic pargasite
49,Ague (1997),SC-69-47,760,1033.15,40,6.6,0.6,40.81,0.77,12.43,,21.17,0.32,8.12,11.67,1.39,1.45,0.12,0.09,98.34,2.217,0.6792157645962319,0.20146883684001585,0.2946580185396543,0.20809928850371798,0.24381871499887212,0.04485390212814017,0.030787196772652476,0.004511045011771009,0.009637287541615561,0.0,0.006316454363617222,0.0025385721941725663,6.160430742770758,1.8273056676140418,2.6725238291468134,1.8874433151726315,2.211415555754676,0.4068211781976039,0.27923732540973645,0.04091480472196768,0.08740939999174378,0.0,0.05728971804720669,0.023024639595961544,1.4333096675281607,6.160430742770758,1.8395692572292424,0.0,0.0,0.8319590247677198,1.8273056676140418,1.8405648043790936,0.04091480472196768,1.8874433151726315,0.11255668482736847,0.2942644933702354,0.27923732540973645,0.3718462985254338,0.08740939999174378,45.16804097523228,98.34000000000002,1.7990603010263817,0.8319590247677198,1.8405648043790936,7.324012213143268,14.579760331321227,-0.07083578494903943,100.80199706054185,,Low Mg# (<54),False,0.49819252930736035,0.40608331247426255,0.11255668482736847,2.0,0.5735018187799719,N/A,low-Mg
50,Ague (1997),SC-69-153,690,963.15,40,6.1,0.6,42.14,0.44,12.52,,19.56,0.37,8.36,11.35,1.43,1.31,0.14,0.06,97.68,2.232,0.7013514413154917,0.20742358078602618,0.2722489769785374,0.20239305265785765,0.24558409587979718,0.04614466190161184,0.027814639842879137,0.005215895794860228,0.005507021452351749,0.0,0.007369196757553427,0.0016923814627817107,6.343402222360104,1.8760511860644922,2.4623671726712293,1.8305523656043587,2.2211955487797073,0.41735730992112896,0.2515706645765585,0.04717538601568461,0.04980848410878034,0.0,0.06665100595101714,0.015306814386742489,1.4373310122070646,6.343402222360104,1.6565977776398961,0.0,0.0,0.6623503325761178,1.8760511860644922,1.8000168400951115,0.04717538601568461,1.8305523656043587,0.16944763439564126,0.2479096755254877,0.2515706645765585,0.5645977711398111,0.04980848410878034,45.33764966742388,97.68,1.8025632933979279,0.6623503325761178,1.8000168400951115,5.847249795419921,14.298570003297119,-0.07248809497357095,99.9958949971414,,Low Mg# (<54),False,0.5103418034470942,0.4324274495766243,0.16944763439564126,2.0,0.4994803401020462,N/A,Tschermakitic pargasite
51,Ague (1997),1011-34,690,963.15,40,2.4,0.6,44.77,1.3,7.6,,23.55,0.64,7.08,11.49,1.0,0.88,0.2,0.16,98.67,1.366,0.7451234937753811,0.17566494640730448,0.3277844278039139,0.20488953084042155,0.1490766077225606,0.03226899433679149,0.018684643558575298,0.009022090023542017,0.01627074520013017,0.0,0.010527423939362039,0.004513017234084563,6.807447740259932,1.604874832766677,2.994638312959705,1.8718706165813137,1.3619637883441698,0.2948095106563256,0.1707028910414799,0.08242580841464807,0.14864951725486827,0.0,0.09617853806173496,0.041230922429060235,1.4229423109328323,6.807447740259932,1.1925522597400677,0.0,0.0,0.5165880617657947,1.604874832766677,2.47805025119391,0.08242580841464807,1.8718706165813137,0.1281293834186863,0.1666801272376393,0.1707028910414799,0.16941152860410202,0.14864951725486827,45.483411938234205,98.66999999999999,1.7329269643224845,0.5165880617657947,2.47805025119391,4.514802441818336,19.48752313862547,-0.12031600916698612,100.73493653559929,,Low Mg# (<54),False,0.3930698701946031,0.34892276245755266,0.1281293834186863,2.0,0.3373830182791192,N/A,low-Mg
52,Ague (1997),1011-49,715,988.15,40,5.4,0.6,45.06,1.26,10.64,,16.65,0.37,10.92,11.76,1.23,0.75,0.04,0.07,98.75,1.838,0.749950069902137,0.27094084954346964,0.23174567825627032,0.20970416733536618,0.20870725081158484,0.03969086303425354,0.015924412123785765,0.005215895794860228,0.015770106886280007,0.0,0.0021054847878724074,0.001974445039911996,6.5770455211914065,2.3761452562171352,2.032404471180014,1.8391009080487497,1.8303579721909085,0.348087990692132,0.1396567420148631,0.04574329072475869,0.13830348849577742,0.0,0.01846505500802194,0.01731583931752465,1.482329851194602,6.5770455211914065,1.4229544788085935,0.0,0.0,0.5729974596302299,2.3761452562171352,1.4594070115497844,0.04574329072475869,1.8391009080487497,0.1608990919512503,0.18718889874088168,0.1396567420148631,0.40740349338231496,0.13830348849577742,45.42700254036977,98.75000000000001,1.9037519403336967,0.5729974596302299,1.4594070115497844,5.2168054822345375,11.955851842913841,-0.03263739865736136,101.14377186682474,,,True,0.6195053776703037,0.5389856989591074,0.1608990919512503,2.0,0.3268456407557448,N/A,Mg-Hornblende
53,Ague (1997),1011-60,730,1003.15,40,2.4,0.6,47.54,1.05,6.21,,14.58,0.88,13.44,11.75,1.28,0.63,0.34,0.05,97.75,1.076,0.7912256174688769,0.333465660976578,0.2029340533919773,0.20952584746518305,0.1218112807838291,0.041304312751093114,0.013376506183980043,0.012405373782370274,0.013141755738566673,0.0,0.017896620696915465,0.0014103178856514258,6.97359078152047,2.9390517799196094,1.7885910323758472,1.8466888408487856,1.0736027828279033,0.3640420232594295,0.11789593025560005,0.10933670288229258,0.11582692047387759,0.0,0.15773466677131107,0.012430057355643046,1.474983742142198,6.97359078152047,1.0264092184795297,0.0,0.0,0.5722461779708041,2.9390517799196094,1.216344854405043,0.10933670288229258,1.8466888408487856,0.1533111591512144,0.21073086410821512,0.11789593025560005,0.04719356434837363,0.11582692047387759,45.427753822029196,97.74999999999999,1.764715915618748,0.5722461779708041,1.216344854405043,5.184146031331055,9.91523923368241,-0.15444585519124382,99.87965532544096,,,True,0.7072854984870229,0.6216738227930092,0.1533111591512144,2.0,0.32862679436381514,N/A,Mg-Hornblende
54,Ague (1997),1011-62,700,973.15,40,1.6,0.6,50.05,0.64,5.07,,14.33,0.92,14.55,11.74,1.07,0.45,0.18,0.01,99.01,0.858,0.8330004660142466,0.36100635172687573,0.19945438855329453,0.20934752759499992,0.09944978962544503,0.0345278239403669,0.00955464727427146,0.01296925440884165,0.008010213021602543,0.0,0.009474681545425833,0.00028206357713028517,7.153097479866634,3.1000146219716496,1.7127441607991978,1.797698000364016,0.8539899658722055,0.29649550089074417,0.08204716098854725,0.1113688945115762,0.0687848769787364,0.0,0.08136048351738297,0.002422121409351413,1.513890463350306,7.153097479866634,0.8469025201333658,0.0,0.0,0.7283066578297408,3.1000146219716496,0.984437502969457,0.1113688945115762,1.797698000364016,0.20230199963598405,0.09419350125476011,0.08204716098854725,0.007087445738839793,0.0687848769787364,45.27169334217026,99.01,1.8967705800702117,0.7283066578297408,0.984437502969457,6.771982478832255,8.236483732030205,-0.07804908260788765,101.50718770832479,,,True,0.7589793017873476,0.6441242459666511,0.20230199963598405,2.0,0.17624066224330737,N/A,Mg-Hornblende
55,Ague (1997),1011-175,765,1038.15,40,7.1,0.6,39.79,0.84,12.36,,22.16,1.26,6.97,11.59,1.53,1.58,0.18,0.15,98.41,2.228,0.6622395313228147,0.17293568876538307,0.30843749130083786,0.20667272954225288,0.24244564098037485,0.049371561335290984,0.03354742820744201,0.017762239733848346,0.010513404590853339,0.0,0.009474681545425833,0.004230953656954277,6.087044451536678,1.58955661053533,2.8350357102941754,1.8996541766862218,2.2284646625987405,0.4538039097264208,0.3083547222340213,0.163263498635937,0.09663506639913774,0.0,0.08708753404672266,0.03888925647617121,1.4143339966941122,6.087044451536678,1.912955548463322,0.0,0.0,0.8427093161967463,1.58955661053533,1.9923263940974292,0.163263498635937,1.8996541766862218,0.10034582331377817,0.35345808641264265,0.3083547222340213,0.3155091141354185,0.09663506639913774,45.157290683803254,98.41000000000003,1.7330157887643773,0.8427093161967463,1.9923263940974292,7.320434655922293,15.572979462970448,-0.10963822880143972,100.76679167885571,,Low Mg# (<54),False,0.44377680914742856,0.35925493136446207,0.10034582331377817,2.0,0.6618128086466639,N/A,low-Mg
56,Ague (1997),1011-188,720,993.15,40,5.1,0.6,44.23,0.84,9.14,,20.56,0.63,9.22,11.64,1.35,0.98,0.08,0.02,98.69,1.612,0.7361360761600425,0.22876141325922986,0.28616763633326836,0.2075643288931686,0.1792842361295005,0.04356314235466852,0.0208078985084134,0.008881119866924173,0.010513404590853339,0.0,0.004210969575744815,0.0005641271542605703,6.601006619342561,2.051326720803228,2.5660941269598028,1.8612503222370578,1.607659871267216,0.39063510179062466,0.1865865296333925,0.07963789974069378,0.09427476188649854,0.0,0.03776018992078093,0.005058585226320736,1.4497438863398187,6.601006619342561,1.3989933806574388,0.0,0.0,0.7020550903765326,2.051326720803228,1.8640390365832702,0.07963789974069378,1.8612503222370578,0.13874967776294223,0.25188542402768244,0.1865865296333925,0.20866649060977727,0.09427476188649854,45.29794490962347,98.68999999999998,1.8552306060854862,0.7020550903765326,1.8640390365832702,6.251288915396918,14.93501044622919,-0.03819838629167808,101.13333158141988,,Low Mg# (<54),False,0.5239170100349669,0.4442581234060612,0.13874967776294223,2.0,0.43847195366107494,N/A,Mg-Hornblende
57,Ague (1997),1011-263,665,938.15,40,1.2,0.6,50.74,0.58,4.38,,12.58,0.57,15.28,12.29,0.75,0.41,0.29,0.03,97.9,0.745,0.8444843885227348,0.37911869789599045,0.17509673468251538,0.2191551204550723,0.08591520287168623,0.02420174575259362,0.008705345294336218,0.008035298927217108,0.007259255550827305,0.0,0.015264764712074953,0.0008461907313908554,7.319305915849518,3.2858934588162434,1.5175965162003304,1.8994588786200406,0.7446433127558229,0.20976110780534052,0.0754508741408575,0.06964345554863523,0.06291734082944901,0.0,0.13230260284217593,0.007334095112214593,1.4999095784509713,7.319305915849518,0.680694084150482,0.0,0.0,0.40678043469996084,3.2858934588162434,1.1108160815003696,0.06964345554863523,1.8994588786200406,0.10054112137995941,0.10921998642538111,0.0754508741408575,0.0639492286053408,0.06291734082944901,45.59321956530004,97.89999999999999,1.8244770967048878,0.40678043469996084,1.1108160815003696,3.747418764897481,9.208024765543152,-0.1288795880700047,99.9710410390755,,,True,0.747352862108699,0.6840637694481512,0.10054112137995941,2.0,0.1846708605662386,N/A,Mg-Hornblende
58,Ague (1997),1011-311,745,1018.15,40,3.9,0.6,43.95,1.27,9.42,,19.34,0.5,9.82,11.96,1.19,1.07,0.09,0.07,98.68,1.656,0.73147593369283,0.24364827312425566,0.2691868719204966,0.2132705647390289,0.18477653220348958,0.03840010326078187,0.022718827963267692,0.0070485078308922,0.015895266464742548,0.0,0.004737340772712917,0.001974445039911996,6.548885399234415,2.181376782085862,2.4100232064859863,1.9094059328169455,1.6542995854416611,0.3437951462108278,0.20340108796913753,0.06310511104183963,0.14230991571023616,0.0,0.04241329124936815,0.017677156141271456,1.4520313852367066,6.548885399234415,1.4511146007655853,0.0,0.0,0.5973016848551751,2.181376782085862,1.8127215216308112,0.06310511104183963,1.9094059328169455,0.09059406718305452,0.2532010790277733,0.20340108796913753,0.20318498467607582,0.14230991571023616,45.402698315144825,98.68,1.8417600935945353,0.5973016848551751,1.8127215216308112,5.326928112050826,14.546762095066052,-0.053690930608093004,101.00175937010331,,,True,0.5461499983753532,0.47510057662486027,0.09059406718305452,2.0,0.4566021669969108,N/A,Mg-Hornblende
59,Ague (1997),1011-376,745,1018.15,40,2.9,0.6,45.91,1.11,7.26,,19.05,0.59,10.58,11.56,1.11,0.74,0.13,0.09,98.13,1.276,0.7640969309633179,0.2625049622866217,0.26515046070762466,0.2061377699317035,0.14240739106128814,0.03581858371383856,0.015712086628801955,0.008317239240452795,0.013892713209341913,0.0,0.006842825560585325,0.0025385721941725663,6.8205621963903695,2.343199337130913,2.3668138627096966,1.840048590526127,1.2711717958802153,0.3197276001342549,0.14025087622287796,0.07424221357655243,0.12401059431225428,0.0,0.06108114748763806,0.022660069473845825,1.4563696974686469,6.8205621963903695,1.1794378036096305,0.0,0.0,0.6996069653051435,2.343199337130913,1.667206897404553,0.07424221357655243,1.840048590526127,0.15995140947387299,0.1597761906603819,0.14025087622287796,0.09173399227058487,0.12401059431225428,45.30039303469486,98.13,1.8247415696204805,0.6996069653051435,1.667206897404553,6.257960985098592,13.419006832753336,-0.07504649133918577,100.50666289613324,,,True,0.5842797961345008,0.4974931571763342,0.15995140947387299,2.0,0.30002706688325986,N/A,Mg-Hornblende
60,Ague (1997),1011-385,740,1013.15,40,4.3,0.6,45.77,1.31,7.58,,18.32,0.51,10.93,11.42,1.29,0.71,0.1,0.12,98.06,1.33,0.7617668597297117,0.2711889638745534,0.25498983937867103,0.2036412917491396,0.1486843008601328,0.04162700269446103,0.015075110143850523,0.007189477987510045,0.016395904778592707,0.0,0.005263711969681019,0.0033847629255634214,6.781855292428173,2.414340144113542,2.2701226361031743,1.812976968695959,1.323706065458212,0.37059673169756996,0.13421063703045033,0.06400645908472712,0.145969402812169,0.0,0.04686175622298,0.030133855348461584,1.4602153466091718,6.781855292428173,1.2181447075718266,0.0,0.0,0.6898832379411743,2.414340144113542,1.580239398162,0.06400645908472712,1.812976968695959,0.18702303130404108,0.18357370039352888,0.13421063703045033,0.10556135788638543,0.145969402812169,45.310116762058826,98.06000000000002,1.8360003397254931,0.6898832379411743,1.580239398162,6.187277492129808,12.752608741888293,-0.06918347492450794,100.44670309881909,,,True,0.6044040727095386,0.515393174711455,0.18702303130404108,2.0,0.3177843374239792,N/A,Mg-Hornblende
61,Ague (1997),1011-415,740,1013.15,40,5.2,0.6,42.23,1.78,9.97,,23.41,0.5,6.53,11.41,1.35,1.39,0.22,0.11,98.9,1.802,0.7028493442513813,0.1620186581976975,0.32583581549425156,0.20346297187895648,0.19556497092025385,0.04356314235466852,0.029513243802749615,0.0070485078308922,0.022278404966332075,0.0,0.01158016633329824,0.0031026993484331365,6.454555820244564,1.4878842554402907,2.9922848709244163,1.8684845053734196,1.7959539005243974,0.40005832876312825,0.2710323074488092,0.06472935859729974,0.20459179426903407,0.0,0.10634545029789065,0.02849336959861403,1.4155957016608083,6.454555820244564,1.5454441797554361,0.0,0.0,0.47769122348962156,1.4878842554402907,2.5145936474347947,0.06472935859729974,1.8684845053734196,0.1315154946265804,0.26854283413654784,0.2710323074488092,0.2505097207689613,0.20459179426903407,45.52230877651038,98.89999999999999,1.7263592515694173,0.47769122348962156,2.5145936474347947,4.153302753049538,19.67280517254451,-0.11745558402101017,100.92501159314246,,Low Mg# (<54),False,0.3717407794735117,0.33210448388755087,0.1315154946265804,2.0,0.539575141585357,N/A,low-Mg
62,Ague (1997),GC33,735,1008.15,40,7.4,0.6,39.69,1.41,13.74,,22.42,0.54,5.7,11.42,1.38,1.93,,,98.23,2.494,0.6605751947273816,0.14142516871774513,0.312056342733068,0.2036412917491396,0.26951481448789244,0.04453121218477226,0.04097882053187537,0.007612388457363577,0.017647500563218104,0.0,0.0,0.0,6.095461438757856,1.3050015641968007,2.8795017115867125,1.8791012001411835,2.4869495130874752,0.4109120185862345,0.37813230401561,0.07024335861998984,0.1628424137511663,0.0,0.0,0.0,1.4088314096866688,6.095461438757856,1.904538561242144,0.0,0.0,0.44919605901027637,1.3050015641968007,2.430305652576436,0.07024335861998984,1.8791012001411835,0.12089879985881646,0.29001321872741803,0.37813230401561,0.5824109518453313,0.1628424137511663,45.550803940989724,98.23,1.842317997282567,0.44919605901027637,2.430305652576436,3.8868882576083568,18.92252833589708,-0.0,100.46173459078801,,Low Mg# (<54),False,0.34936927231493764,0.31186534653923775,0.12089879985881646,2.0,0.668145522743028,N/A,low-Mg
63,Hammarstrom and Zen (1986),EC1-426,710,983.15,40,8.0,0.6,41.93,0.88,12.53,,18.19,0.55,9.56,11.15,1.86,1.58,0.05,0.25,98.53,2.214,0.6978563344650822,0.23719730051607782,0.253180413662556,0.198826655254195,0.24578024931101106,0.06002032946643218,0.03354742820744201,0.007753358613981421,0.011014042904703498,0.0,0.0026318559848405097,0.007051589428257128,6.244663152994309,2.122524607672789,2.2655471078732874,1.7791706209139506,2.199327842718065,0.537082951517382,0.3001941495097472,0.06937977124732024,0.09855751749422825,0.0,0.023550770095278714,0.06310009452939172,1.4527816994734122,6.244663152994309,1.7553368470056911,0.0,0.0,0.7186124734498307,2.122524607672789,1.5469346344234567,0.06937977124732024,1.7791706209139506,0.22082937908604938,0.31625357243133256,0.3001941495097472,0.44399099571237377,0.09855751749422825,45.28138752655017,98.53,1.817482167146209,0.7186124734498307,1.5469346344234567,6.412128310461986,12.420285105692223,-0.07746272158207465,100.91243286171833,,,True,0.578429808763936,0.4837032631333488,0.22082937908604938,2.0,0.6164477219410798,N/A,Mg-hastingsite
64,Hammarstrom and Zen (1986),AK-1-313,730,1003.15,40,8.0,0.6,41.91,1.27,11.46,,19.4,0.87,8.87,10.85,2.03,1.6,0.26,0.19,98.71,2.044,0.6975234671459956,0.2200774116712981,0.27002199148178047,0.19347705914870092,0.22479183217112428,0.06550605850368672,0.03397207919740963,0.01226440362575243,0.015895266464742548,0.0,0.01368565112117065,0.005359207965475418,6.294576139640373,1.9860178038856076,2.43672659747753,1.7459714797384702,2.0285615750820916,0.591138352013165,0.3065701000784105,0.11067616512667364,0.14344171878772413,0.0,0.12350175594125579,0.04836244825551008,1.4405743725606934,6.294576139640373,1.7054238603596268,0.0,0.0,0.7057512964931902,1.9860178038856076,1.7309753009843396,0.11067616512667364,1.7459714797384702,0.2540285202615298,0.3371098317516352,0.3065701000784105,0.3231377147224648,0.14344171878772413,45.29424870350681,98.71,1.7219467234197998,0.7057512964931902,1.7309753009843396,6.244453870242797,13.781160707097282,-0.15234935026362526,100.90521195049627,,Low Mg# (<54),False,0.5343076373436253,0.4490464796639606,0.2540285202615298,2.0,0.6436799318300457,N/A,Mg-hastingsite
65,Hammarstrom and Zen (1986),7-30-5-398,690,963.15,40,8.0,0.6,41.59,0.69,13.39,,19.84,0.47,7.51,12.21,1.52,1.48,0.05,0.0,98.75,2.38,0.6921975900406099,0.1863338626439063,0.2761462015978621,0.21772856149360725,0.2626494443954061,0.04904887139192307,0.03142417325760391,0.006625597361038668,0.008636010913915242,0.0,0.0026318559848405097,0.0,6.281334361254877,1.6908832260191033,2.505883651985705,1.9757738461010166,2.38340757578855,0.4450930856849451,0.2851580850569471,0.06012386198179366,0.07836732296997083,0.0,0.023882728962525156,0.0,1.4325887069527383,6.281334361254877,1.7186656387451231,0.0,0.0,0.21539019281782856,1.6908832260191033,2.2904934591678763,0.06012386198179366,1.9757738461010166,0.024226153898983416,0.4208669317859617,0.2851580850569471,0.6647419370434267,0.07836732296997083,45.78460980718217,98.75000000000001,1.851014456297821,0.21539019281782856,2.2904934591678763,1.8951977882194195,18.13467684099401,-0.02105353195073165,100.76983555356053,,Low Mg# (<54),False,0.42469812824045644,0.4029013941377103,0.024226153898983416,2.0,0.7060250168429087,N/A,low-Mg
66,Hammarstrom and Zen (1986),7435-53,761,1034.15,40,1.0,0.4,46.65,1.14,6.69,,15.74,0.9,12.74,11.68,1.42,0.87,0.76,0.03,98.62,1.164,0.7764130217695226,0.3160976578007146,0.21907969824346518,0.2082776083739011,0.13122664548209612,0.04582197195824392,0.018472318063591488,0.01268731409560596,0.01426819194472953,0.0,0.040004210969575744,0.0008461907313908554,6.867300266907806,2.79585409945399,1.9377393578388942,1.842195887334815,1.1606873561841509,0.4052910389652132,0.16338591859187604,0.11221810174760531,0.1262008178675542,0.0,0.353833489349119,0.007484477555890782,1.469772529336134,6.867300266907806,1.1326997330921937,0.0,0.0,0.5992417420384157,2.79585409945399,1.3384976158004784,0.11221810174760531,1.842195887334815,0.15780411266518501,0.24748692630002816,0.16338591859187604,0.027987623091957126,0.1262008178675542,45.400758257961584,98.62,1.5747818162121128,0.5992417420384157,1.3384976158004784,5.409526795538967,10.872438745423441,-0.32678278840688224,100.40996456876763,,,True,0.6762496981420716,0.5906409421676283,0.15780411266518501,2.0,0.41087284489190423,N/A,Mg-Hornblende
67,Hammarstrom and Zen (1986),IVP-249,750,1023.15,40,2.0,0.6,47.12,0.93,7.6,,13.48,0.74,13.58,12.15,1.32,0.5,0.24,0.13,97.79,1.31,0.784235403768058,0.3369392616117507,0.18762352810177324,0.21665864227250842,0.1490766077225606,0.04259507252456477,0.01061627474919051,0.010431791589720456,0.011639840797016196,0.0,0.012632908727234445,0.003666826502693707,6.888803552333914,2.959708744542059,1.6481041542867936,1.903151550362956,1.3095040850167914,0.3741594494577622,0.09325443719244028,0.09163391835562562,0.10224554546481737,0.0,0.11096875517012626,0.03220977695750567,1.4799464335908792,6.888803552333914,1.111196447666086,0.0,0.0,0.43468073200962465,2.959708744542059,1.213423422277169,0.09163391835562562,1.903151550362956,0.09684844963704409,0.2773109998207181,0.09325443719244028,0.19830763735070533,0.10224554546481737,45.565319267990375,97.78999999999998,1.796766817549068,0.43468073200962465,1.213423422277169,3.9511496483312456,9.924705116330832,-0.13038973197181025,99.8522318502393,,,True,0.7092295729511862,0.6423239852673522,0.09684844963704409,2.0,0.37056543701315836,N/A,Mg-Hornblende
