,Reference,spot/exp.,T ,P,H2O_Liq,∆NNO,logfO2,Unnamed: 7,SiO2_Amp,TiO2_Amp,Al2O3_Amp,Cr2O3_Amp,FeOt_Amp,MnO_Amp,MgO_Amp,CaO_Amp,Na2O_Amp,K2O_Amp,F,Cl,T_K,P_kbar,H2O_Liq.1,SiO2_Amp_cat_prop,MgO_Amp_cat_prop,FeOt_Amp_cat_prop,CaO_Amp_cat_prop,Al2O3_Amp_cat_prop,Na2O_Amp_cat_prop,K2O_Amp_cat_prop,MnO_Amp_cat_prop,TiO2_Amp_cat_prop,Cr2O3_Amp_cat_prop,F_Amp_cat_prop,Cl_Amp_cat_prop,Si_Amp_13_cat,Mg_Amp_13_cat,Fet_Amp_13_cat,Ca_Amp_13_cat,Al_Amp_13_cat,Na_Amp_13_cat,K_Amp_13_cat,Mn_Amp_13_cat,Ti_Amp_13_cat,Cr_Amp_13_cat,F_Amp_13_cat,Cl_Amp_13_cat,cation_sum_Si_Mg,Si_T,Al_IV_T,Ti_T,Cr_C,Fe3_C,Mg_C,Fe2_C,Mn_C,Ca_B,Na_B,Na_A,K_A,Al_VI_C,Ti_C,Charge,Sum_input,H2O_calc,Fe3_calc,Fe2_calc,Fe2O3_calc,FeO_calc,"O=F,Cl",Total_recalc,Total,Fail Msg,Input_Check,Mgno_Fe2,Mgno_FeT,Na_calc,B_Sum,A_Sum,class,classification
0,Adam & Green (1994),1446,1050,1500.0,,,,,42.43,2.5,12.97,0.31,7.8,0.09,15.56,11.21,2.41,1.61,,,1323.15,15.0,,0.7061780174422475,0.3860658991663358,0.10856554296690142,0.1998965744752938,0.2544110002844225,0.07776827635166751,0.03418440469239344,0.001268731409560596,0.03128989461563494,0.0040792103701422855,0.0,0.0,6.153610064570462,3.364164479803704,0.9460362704101273,1.7418916224830314,2.2169283852222064,0.6776699872296087,0.29788168361338924,0.011055680265135478,0.27265902601091235,0.03554609371745368,0.0,0.0,1.491858296255245,6.153610064570462,1.8463899354295377,0.0,0.03554609371745368,0.43565242408853067,3.364164479803704,0.5103838463215966,0.011055680265135478,1.7418916224830314,0.2581083775169686,0.4195616097126401,0.29788168361338924,0.3705384497926687,0.27265902601091235,45.56434757591147,96.89,1.9508916181799356,0.43565242408853067,0.5103838463215966,3.9918554005974136,4.208077560897963,-0.0,99.24082457967532,,,True,0.8682726853914349,0.7805122486781633,0.2581083775169686,2.0,0.7174432933260293,N/A,Mg-hastingsite
1,Adam & Green (1994),1447,1050,1000.0,,,,,41.19,2.62,12.25,0.1,9.44,0.11,15.67,11.54,2.44,1.4,,,1323.15,10.0,,0.6855402436588774,0.3887951568082572,0.13139214430866017,0.2057811301913372,0.240287953237022,0.07873634618177125,0.029725569297733425,0.0015506717227962842,0.032791809557185414,0.0013158743129491246,0.0,0.0,6.014834604712387,3.4112345481478887,1.152816371737827,1.8054949717694109,2.1082530305029397,0.6908217337250687,0.26080800435947943,0.01360537769313681,0.28771076928029604,0.011545297925524696,0.0,0.0,1.4816738536057477,6.014834604712387,1.9851653952876127,0.0,0.011545297925524696,0.7124912419628018,3.4112345481478887,0.44032512977502525,0.01360537769313681,1.8054949717694109,0.19450502823058913,0.4963167054944796,0.26080800435947943,0.12308763521532695,0.28771076928029604,45.2875087580372,96.75999999999999,1.9375735008690547,0.7124912419628018,0.44032512977502525,6.483943771240773,3.605664637474064,-0.0,99.34718190958388,,,True,0.8856761502881644,0.7474137795625878,0.19450502823058913,2.0,0.7571247098539591,N/A,Mg-hastingsite
2,Gardner et al. (1995),G-14b,850,250.0,6.3,1.19131266596065,-11.594938719083462,,45.69,1.44,9.64,,13.37,0.21,14.57,10.72,1.76,0.23,,,1123.15,2.5,6.3,0.7604353904533652,0.36150258038904326,0.18609247557275282,0.1911589008363202,0.1890919076901953,0.05679343003275303,0.004883486384627635,0.002960373288974724,0.01802297929860572,0.0,0.0,0.0,6.5118390849269705,3.095656332980325,1.5935663582451125,1.6369516957324828,1.6192514059692886,0.4863393814875674,0.04181877633439411,0.02535057511937516,0.15433624275892752,0.0,0.0,0.0,1.518105706692937,6.5118390849269705,1.4881609150730295,0.0,0.0,1.24633638937199,3.095656332980325,0.3472299688731224,0.02535057511937516,1.6369516957324828,0.3630483042675172,0.12329107722005017,0.04181877633439411,0.13109049089625913,0.15433624275892752,44.75366361062801,97.63,1.9852151549061483,1.24633638937199,0.3472299688731224,11.621023533743626,2.9132547005736744,-0.0,100.77949338922343,,,True,0.8991456764964343,0.6601640691479583,0.3630483042675172,2.0,0.1651098535544443,N/A,Mg-Hornblende
3,Gardner et al. (1995),G-15a,850,250.0,5.7,1.19,-11.596251385044113,,45.56,1.43,10.4,,12.27,0.21,15.15,11.03,1.89,0.25,,,1123.15,2.5,5.7,0.7582717528793023,0.37589321159190153,0.17078195028254878,0.19668681681199734,0.20399956846245135,0.06098839929653592,0.005308137374595255,0.002960373288974724,0.017897819720143184,0.0,0.0,0.0,6.443654500882852,3.1942716783635854,1.451273739828816,1.6714085518845416,1.7335509762955257,0.5182682489971614,0.045107579380659825,0.02515671010473696,0.1520923945244835,0.0,0.0,0.0,1.529804676225322,6.443654500882852,1.556345499117148,0.0,0.0,1.1687623007428911,3.1942716783635854,0.2825114390859249,0.02515671010473696,1.6714085518845416,0.3285914481154584,0.18967680088170302,0.045107579380659825,0.17720547717837776,0.1520923945244835,44.83123769925711,98.19,2.0005138073715747,1.1687623007428911,0.2825114390859249,10.98169231074443,2.3885330950680452,-0.0,101.29073921318405,,,True,0.9187434391095499,0.68759884810393,0.3285914481154584,2.0,0.23478438026236284,N/A,Tschermakitic pargasite
4,Gardner et al. (1995),G-14a,850,250.0,7.0,0.9864173670271219,-11.799834018016991,,45.65,1.55,10.78,,13.3,0.21,14.21,10.81,1.89,0.27,,,1123.15,2.5,7.0,0.759769655815192,0.35257046447002777,0.18511816941792167,0.1927637796679684,0.21145339884857936,0.06098839929653592,0.0057327883645628755,0.002960373288974724,0.01939973466169366,0.0,0.0,0.0,6.450197507821783,2.99320868351356,1.5715931083755363,1.6365018551294654,1.7951706492017547,0.5177716932199306,0.04866951047459007,0.02513260731672554,0.16469744377063897,0.0,0.0,0.0,1.5312717965023892,6.450197507821783,1.549802492178217,0.0,0.0,1.1355945336599476,2.99320868351356,0.4359985747155888,0.02513260731672554,1.6365018551294654,0.36349814487053456,0.154273548349396,0.04866951047459007,0.24536815702353776,0.16469744377063897,44.86440546634005,98.66999999999999,2.002432349272355,1.1355945336599476,0.4359985747155888,10.680280760211158,3.689747055273862,-0.0,101.74246016475736,,,True,0.8728573276901497,0.655714929141502,0.36349814487053456,2.0,0.20294305882398606,N/A,Tschermakitic pargasite
5,Moore & Carmichael (1998),PEM12-25,900,285.1,6.548349380493164,,,,44.9,1.55,10.9,,8.7,,16.6,11.18,2.1,0.4,,,1173.15,2.8510000000000004,6.548349380493164,0.747287131349444,0.41186978959904724,0.12109233638615927,0.19936161486474438,0.2138072400231461,0.06776488810726214,0.008493019799352408,0.0,0.01939973466169366,0.0,0.0,0.0,6.418905616173554,3.537801194054392,1.0401360407492761,1.712438680690107,1.8365209786027725,0.582074014931317,0.07295173461624059,0.0,0.16663617042000442,0.0,0.0,0.0,1.5134562320194904,6.418905616173554,1.5810943838264464,0.0,0.0,0.9124923372823446,3.537801194054392,0.12764370346693155,0.0,1.712438680690107,0.2875613193098929,0.2945126956214241,0.07295173461624059,0.2554265947763261,0.16663617042000442,45.087507662717655,96.33000000000001,1.979135072640872,0.9124923372823446,0.12764370346693155,8.482154615596517,1.0676490157598428,-0.0,99.15893870399724,,,True,0.9651764773347846,0.772793730582048,0.2875613193098929,2.0,0.36746443023766473,N/A,Tschermakitic pargasite
6,Martel et al. (1999),P1R/12,930,226.5,,2.2,-9.156105867721461,,46.24,1.27,10.03,,10.1,0.32,16.3,11.72,1.78,0.19,,,1203.15,2.265,,0.7695892417282472,0.40442635966653434,0.1405784594827826,0.20899088785463366,0.19674189150753718,0.05743880991948886,0.004034184404692394,0.004511045011771009,0.015895266464742548,0.0,0.0,0.0,6.531555848857275,3.4323938169665467,1.193098875961603,1.7737197740178658,1.6697617151008206,0.48748705743149506,0.03423839538695343,0.03828554355168022,0.13490419956207583,0.0,0.0,0.0,1.5317422638616147,6.531555848857275,1.4684441511427249,0.0,0.0,0.9281531872062985,3.4323938169665467,0.26494568875530455,0.03828554355168022,1.7737197740178658,0.22628022598213415,0.2612068314493609,0.03423839538695343,0.20131756395809575,0.13490419956207583,45.0718468127937,97.94999999999999,2.0030475758190347,0.9281531872062985,0.26494568875530455,8.73197429256337,2.242858081876774,-0.0,100.82787995025917,,,True,0.9283415308912569,0.7420601533355106,0.22628022598213415,2.0,0.29544522683631436,N/A,Mg-Hornblende
7,Martel et al. (1999),D29/2,876,213.0,5.843305587768555,,,,47.08,1.31,9.24,,13.9,0.45,13.22,10.13,1.75,0.22,,,1149.15,2.13,5.843305587768555,0.7835696691298848,0.3280071456927352,0.19346936503076023,0.18063802849551527,0.18124577044163945,0.056470740089385116,0.0046711608896438245,0.00634365704780298,0.016395904778592707,0.0,0.0,0.0,6.750293560383193,2.8257149434944817,1.66669928705738,1.5561599287879926,1.561395502224433,0.48648395693869373,0.04024110237433122,0.05464931710107554,0.1412473897394368,0.0,0.0,0.0,1.5090315121214153,6.750293560383193,1.2497064396168067,0.0,0.0,1.0164776806413016,2.8257149434944817,0.6502216064160784,0.05464931710107554,1.5561599287879926,0.4438400712120074,0.042643885726686315,0.04024110237433122,0.3116890626076263,0.1412473897394368,44.9835223193587,97.3,1.973348900466466,1.0164776806413016,0.6502216064160784,9.421135465608852,5.422742062331208,-0.0,100.21722642840652,,,True,0.8129362843424719,0.6289969710000144,0.4438400712120074,2.0,0.08288498810101753,N/A,Mg-Hornblende
8,Scailet & Evans (1999),35,866,208.8,5.04,0.81,-11.688692443444642,,45.28,2.03,9.06,,13.99,0.2,13.5,10.91,2.17,0.38,,,1139.15,2.088,5.04,0.7536116104120897,0.3349543469630806,0.194722044372686,0.19454697836979976,0.17771500867978934,0.07002371771083754,0.008068368809384788,0.0028194031323568805,0.025407394427895566,0.0,0.0,0.0,6.578535349486355,2.923931878857096,1.6997958026807698,1.698267591235287,1.5513355295773366,0.6112611534890022,0.07043157070816204,0.024611541163119994,0.22178989823532086,0.0,0.0,0.0,1.4892298079878983,6.578535349486355,1.421464650513645,0.0,0.0,0.7697860683115749,2.923931878857096,0.9300097343691949,0.024611541163119994,1.698267591235287,0.3017324087647131,0.30952874472428915,0.07043157070816204,0.12987087906369155,0.22178989823532086,45.230213931688425,97.52,1.947454364291867,0.7697860683115749,0.9300097343691949,7.041073207296368,7.654352460045777,-0.0,100.17288003163401,,,True,0.7586860861675987,0.6323754512040353,0.3017324087647131,2.0,0.3799603154324512,N/A,Mg-Hornblende
9,Dalpè & Baker (2000),25,1000,2200.0,,,,,41.6,1.66,14.54,,11.94,0.15,13.59,10.11,2.77,1.08,,,1273.15,22.0,,0.6923640237001532,0.33718737594283443,0.16618879269548756,0.18028138875514899,0.2852070889850041,0.08938511431291243,0.022931153458251502,0.00211455234926766,0.020776490024781595,0.0,0.0,0.0,5.98517285154141,2.914831879320095,1.4366267111276765,1.5584508100940802,2.4654858826106048,0.7726937582032121,0.19822941752429252,0.01827934566323006,0.17960332973698417,0.0,0.0,0.0,1.5038383236975283,5.98517285154141,2.01482714845859,0.0,0.0,1.1171369589169373,2.914831879320095,0.31948975221073916,0.01827934566323006,1.5584508100940802,0.44154918990591985,0.3311445682972922,0.19822941752429252,0.45065873415201496,0.17960332973698417,44.88286304108306,97.44,1.9665578079121526,1.1171369589169373,0.31948975221073916,10.318454673472157,2.655322786252443,-0.0,100.44033526763675,,,True,0.9012189297761577,0.6698516873672362,0.44154918990591985,2.0,0.5293739858215847,N/A,Mg-hastingsite
10,Dalpè & Baker (2000),23,1000,1500.0,,,,,42.25,2.17,13.72,,8.8,0.11,15.95,10.75,2.74,1.06,,,1273.15,15.0,,0.703182211570468,0.3957423580786026,0.12248420232163239,0.1916938604468696,0.26912250762546464,0.0884170444828087,0.02250650246828388,0.0015506717227962842,0.027159628526371122,0.0,0.0,0.0,6.017060664800073,3.3863282332922857,1.0480852099527997,1.640305412166907,2.302854691146099,0.7565759083512767,0.19258591653177157,0.01326894462591258,0.2324022561828311,0.0,0.0,0.0,1.519241579845335,6.017060664800073,1.9829393351999274,0.0,0.0,0.9684468176712286,3.3863282332922857,0.0796383922815711,0.01326894462591258,1.640305412166907,0.35969458783309305,0.3968813205181837,0.19258591653177157,0.3199153559461716,0.2324022561828311,45.03155318232877,97.55,1.9867005274900533,0.9684468176712286,0.0796383922815711,9.036696714613921,0.6686649572217387,-0.0,100.44206219932572,,,True,0.9770227469318504,0.7636473857553041,0.35969458783309305,2.0,0.5894672370499553,N/A,Mg-hastingsite
11,Dalpè & Baker (2000),2,1040,1500.0,,,,,43.42,2.59,11.89,,8.06,0.12,16.73,10.67,3.05,1.15,,,1313.15,15.0,,0.7226549497370348,0.41509527590313616,0.11218439439913147,0.19026730148540452,0.23322642971332178,0.09842043272721406,0.02441743192313817,0.0016916418794141281,0.03241633082179779,0.0,0.0,0.0,6.191726191962959,3.55654699785117,0.9611987759626733,1.6302151317305469,1.9982900470542178,0.8432687984260954,0.20920918459630264,0.01449403112232377,0.2777439560466562,0.0,0.0,0.0,1.517269022453836,6.191726191962959,1.8082738080370406,0.0,0.0,0.7498614104430459,3.55654699785117,0.21133736551962745,0.01449403112232377,1.6302151317305469,0.3697848682694531,0.47348393015664225,0.20920918459630264,0.19001623901717712,0.2777439560466562,45.250138589556954,97.68000000000002,1.9841210293627087,0.7498614104430459,0.21133736551962745,6.98796446737083,1.7721403820788315,-0.0,100.36422587881239,,,True,0.9439108674421839,0.7872392949744851,0.3697848682694531,2.0,0.6826931147529449,N/A,Mg-hastingsite
12,Kaszuba & Wendlandt (2000),120,1050,1000.0,,,,,39.98,6.37,13.11,,11.06,0.16,12.57,11.23,2.81,1.2,,,1323.15,10.0,,0.6654017708541374,0.3118797141722906,0.15394037246332434,0.20025321421566006,0.257157148321417,0.0906758740863841,0.02547905939805722,0.0022555225058855043,0.07972665148063782,0.0,0.0,0.0,5.883059985502319,2.7574424161535798,1.3610430345410542,1.7705117766790934,2.2736202329813895,0.8016985073593841,0.2252696662056309,0.019941897935952,0.7048924328857054,0.0,0.0,0.0,1.4703611797976928,5.883059985502319,2.116940014497681,0.0,0.0,0.0,2.7574424161535798,1.3610430345410542,0.019941897935952,1.7705117766790934,0.22948822332090657,0.5722102840384775,0.2252696662056309,0.1566802184837086,0.7048924328857054,46.01751679668064,98.49000000000001,1.922780004350829,0.0,1.3610430345410542,0.0,11.060000000000002,-0.0,100.41278000435084,,,True,0.6695282644955083,0.6695282644955083,0.22948822332090657,2.0,0.7974799502441084,N/A,kaersutite
13,Kaszuba & Wendlandt (2000),111,1050,1000.0,,,,,41.89,2.91,12.25,,12.21,0.16,13.89,10.42,2.99,0.85,,,1323.15,10.0,,0.697190599826909,0.34463080587534733,0.16994683072126493,0.18580930473082616,0.240287953237022,0.09648429306700658,0.018047667073623867,0.0022555225058855043,0.03642143733259907,0.0,0.0,0.0,6.0798794209383935,3.005367176469592,1.4820283563955754,1.6203577161428886,2.09544102050125,0.8413952626548897,0.1573854261146309,0.019669377169458775,0.31761464852572974,0.0,0.0,0.0,1.490733149499028,6.0798794209383935,1.9201205790616065,0.0,0.0,0.870074719515209,3.005367176469592,0.6119536368803664,0.019669377169458775,1.6203577161428886,0.3796422838571114,0.4617529787977783,0.1573854261146309,0.17532044143964365,0.31761464852572974,45.12992528048479,97.56999999999998,1.9494202724218057,0.870074719515209,0.6119536368803664,7.966426465248596,5.041707787887224,-0.0,100.31755452555761,,,True,0.8308268277942306,0.6697352962221915,0.3796422838571114,2.0,0.6191384049124092,N/A,Mg-hastingsite
14,Phichavant et al. (2002),HAB12,945,400.2,6.9,1.2,-9.841862603096931,,43.8,1.87,11.9,,12.2,0.14,14.1,11.2,2.17,0.33,,,1218.15,4.002,6.9,0.7289794287996804,0.3498412068281064,0.1698076441277176,0.19971825460511064,0.23342258314453568,0.07002371771083754,0.007006741334465737,0.0019735821926498164,0.023404841172494934,0.0,0.0,0.0,6.286684662917389,3.0170142839889844,1.4644132190967585,1.7223609316355648,2.0130254921590662,0.603881282216742,0.060425811132894865,0.017020080967124148,0.20184226087067583,0.0,0.0,0.0,1.507429286265185,6.286684662917389,1.7133153370826113,0.0,0.0,0.9008917036440423,3.0170142839889844,0.5635215154527162,0.017020080967124148,1.7223609316355648,0.2776390683644352,0.3262422138523068,0.060425811132894865,0.29971015507645493,0.20184226087067583,45.09910829635596,97.71,1.9712536820390882,0.9008917036440423,0.5635215154527162,8.340971331385774,4.694687536871303,-0.0,100.51691255029615,,,True,0.8426153103843889,0.6732261722211464,0.2776390683644352,2.0,0.38666802498520164,N/A,Tschermakitic pargasite
15,Phichavant et al. (2002),HAB2,949,398.8,6.8,,,,42.0,2.65,12.2,,15.0,0.31,12.2,10.7,2.31,0.37,,,1222.15,3.988,6.8,0.6990213700818854,0.3026994839221913,0.20877989032096428,0.1908022610959539,0.2393071860809525,0.07454137691798836,0.007856043314400978,0.004370074855153164,0.03316728829257303,0.0,0.0,0.0,6.1097297651389635,2.6457160338245025,1.8248207635011466,1.6676890060416987,2.0916416870619696,0.6515218114675463,0.06866499899508645,0.03819622340771488,0.28989552706570376,0.0,0.0,0.0,1.4873452935537195,6.1097297651389635,1.8902702348610365,0.0,0.0,1.0535429059826598,2.6457160338245025,0.7712778575184869,0.03819622340771488,1.6676890060416987,0.3323109939583013,0.31921081750924496,0.06866499899508645,0.2013714522009331,0.28989552706570376,44.94645709401734,97.74000000000001,1.9449899992625563,1.0535429059826598,0.7712778575184869,9.624343683833033,6.3398927139454555,-0.0,100.64922639704106,,,True,0.7742817569933232,0.5918117116063589,0.3323109939583013,2.0,0.3878758165043314,N/A,Tschermakitic pargasite
16,Phichavant et al. (2002),HAB1,949,398.8,8.2,0.8,-10.177341391915022,,41.9,1.75,12.9,,12.2,0.22,13.4,11.5,2.15,0.33,,,1222.15,3.988,8.2,0.6973570334864523,0.3324732036522429,0.1698076441277176,0.20506785071060468,0.2530379262659252,0.06937833782410172,0.007006741334465737,0.0031013434455925684,0.021902926230944454,0.0,0.0,0.0,6.13505018789153,2.9249576509436874,1.4938953347939679,1.804099615576687,2.226119910657797,0.6103610691002319,0.06164232620643165,0.027284298823908672,0.19269261688910838,0.0,0.0,0.0,1.4776800772088752,6.13505018789153,1.8649498121084704,0.0,0.0,0.8381918533209003,2.9249576509436874,0.6557034814730676,0.027284298823908672,1.804099615576687,0.19590038442331292,0.414460684676919,0.06164232620643165,0.36117009854932647,0.19269261688910838,45.1618081466791,96.35000000000001,1.9323508701962213,0.8381918533209003,0.6557034814730676,7.607307052676554,5.354848018904012,-0.0,99.04450594177679,,,True,0.8168764210785557,0.6619268983114661,0.19590038442331292,2.0,0.4761030108833506,N/A,Tschermakitic pargasite
17,Rutherford & Devine (2003),M45b2,870,200.0,,,,,45.53,1.77,9.41,0.0,14.87,0.44,12.87,11.8,1.56,0.17,,,1143.15,2.0,,0.7577724519006723,0.31932314410480345,0.20697046460484925,0.21041744681609872,0.18458037877227568,0.050339631165394735,0.0036095334147247735,0.006202686891185137,0.022153245387869534,0.0,0.0,0.0,6.580511869045471,2.7730088822469003,1.797335856506685,1.8272695223408308,1.6028998814317954,0.43715041307766156,0.03134526389516473,0.053864263084568764,0.19237924768458178,0.0,0.0,0.0,1.4970023716616552,6.580511869045471,1.4194881309545293,0.0,0.0,0.7282831634536038,2.7730088822469003,1.0690526930530813,0.053864263084568764,1.8272695223408308,0.17273047765916916,0.2644199354184924,0.03134526389516473,0.1834117504772661,0.19237924768458178,45.271716836546396,98.42000000000002,1.9576184860190875,0.7282831634536038,1.0690526930530813,6.696222115673918,8.844653873759842,-0.0,101.04849447545286,,,True,0.7217502447316682,0.6067395438977651,0.17273047765916916,2.0,0.29576519931365713,N/A,Mg-Hornblende
18,Rutherford & Devine (2003),M56,850,130.0,,,,,46.88,1.46,7.96,,16.09,0.53,13.43,10.53,1.4,0.19,,,1123.15,1.3,,0.7802409959390187,0.33321754664549424,0.22395122901762102,0.18777082330284062,0.15613813124626083,0.045176592071508086,0.004034184404692394,0.007471418300745733,0.0182732984555308,0.0,0.0,0.0,6.676220772958499,2.8512138152284257,1.9162641479734344,1.606682393791984,1.3360136684726047,0.3865586453532715,0.03451895743075974,0.0639300399780576,0.15635755538897633,0.0,0.0,0.0,1.5192926196046717,6.676220772958499,1.3237792270415012,0.0,0.0,1.364387284464442,2.8512138152284257,0.5518768635089923,0.0639300399780576,1.606682393791984,0.3865586453532715,0.0,0.03451895743075974,0.012234441431103527,0.15635755538897633,44.63561271553556,98.47,1.9867672717907243,1.364387284464442,0.5518768635089923,12.731693763839651,4.633859451605619,-0.0,101.732320487236,,,True,0.8378306910958528,0.5980549542621352,0.3865586453532715,1.9932410391452555,0.03451895743075974,N/A,Mg-Hornblende
19,Rutherford & Devine (2003),M57,825,130.0,4.820960521697998,,,,47.49,1.38,6.96,0.03,15.19,0.58,14.28,11.14,1.28,0.15,,,1098.15,1.3,4.820960521697998,0.7903934491711604,0.3543072647876141,0.21142443559836316,0.19864833538401186,0.13652278812487129,0.041304312751093114,0.0031848824247571526,0.008176269083834951,0.017272021827830483,0.00039476229388473735,0.0,0.0,6.766661706184554,3.0332708391946244,1.8100322486419302,1.70065438352237,1.1687894470720284,0.3536116242944315,0.027266195038564325,0.06999810912788287,0.14786803814394361,0.0033796116350364256,0.0,0.0,1.518490990887559,6.766661706184554,1.1687894470720284,0.06454884674341721,0.0033796116350364256,1.2165848662582022,3.0332708391946244,0.5934473823837281,0.06999810912788287,1.70065438352237,0.29934561647763,0.054266007816801465,0.027266195038564325,0.0,0.0833191914005264,44.7834151337418,98.48000000000002,1.9857189880837312,1.2165848662582022,0.5934473823837281,11.346494890152524,4.980279077995652,-0.0,101.60249295623193,,,True,0.8363679375880878,0.6262814414427964,0.29934561647763,2.0,0.08153220285536579,N/A,Mg-Hornblende
20,Rutherford & Devine (2003),M46a,840,200.0,5.949898719787598,,,,44.72,1.77,9.03,0.04,15.82,0.33,12.72,10.51,1.65,0.13,,,1113.15,2.0,5.949898719787598,0.7442913254776645,0.31560142913854705,0.22019319099184365,0.18741418356247436,0.17712654838614764,0.05324384065570596,0.0027602314347895326,0.004652015168388852,0.022153245387869534,0.0005263497251796498,0.0,0.0,6.517682568906084,2.763689247752606,1.9282091213387587,1.6411667253907296,1.551078962482868,0.4662508352097162,0.02417106271812144,0.040737218257697674,0.1939936908663452,0.004609190395642814,0.0,0.0,1.4845441042756407,6.517682568906084,1.4823174310939162,0.0,0.004609190395642814,1.2482039788673305,2.763689247752606,0.6800051424714282,0.040737218257697674,1.6411667253907296,0.3588332746092704,0.10741756060044583,0.02417106271812144,0.0687615313889518,0.1939936908663452,44.75179602113267,96.72000000000001,1.9413269055912226,1.2482039788673305,0.6800051424714282,11.381139844603638,5.579105105793151,-0.0,99.80157185598802,,,True,0.8025361529171031,0.5890343375634164,0.3588332746092704,2.0,0.13158862331856727,N/A,Mg-Hornblende
21,Costa et al. (2004),97,875,203.0,6.0,,,,44.9,1.74,9.98,,11.46,0.26,14.68,11.34,1.96,0.51,,,1148.15,2.03,6.0,0.747287131349444,0.36423183803096465,0.15950783620521672,0.20221473278767452,0.19576112435146772,0.06324722890011132,0.01082860024417432,0.003665224072063944,0.021777766652481916,0.0,0.0,0.0,6.510207349969243,3.1731106954298243,1.389598514517046,1.7616519600560152,1.7054294890503285,0.550996474015487,0.09433647381589538,0.03193065649363753,0.1897232945399205,0.0,0.0,0.0,1.492230920661639,6.510207349969243,1.4897926500307568,0.0,0.0,0.7260723539879379,3.1731106954298243,0.6635261605291081,0.03193065649363753,1.7616519600560152,0.2383480399439848,0.3126484340715022,0.09433647381589538,0.21563683901957176,0.1897232945399205,45.27392764601206,96.83000000000001,1.9513788962498357,0.7260723539879379,0.6635261605291081,6.654616433369562,5.472091197727243,-0.0,99.44808652734665,,,True,0.8270552607817072,0.6954444277343664,0.2383480399439848,2.0,0.4069849078873976,N/A,Mg-Hornblende
22,Costa et al. (2004),9,900,206.0,5.4,1.2,-10.680766106305718,,45.2,1.88,10.25,,10.2,0.16,15.07,10.85,1.97,0.56,,,1173.15,2.06,5.4,0.7522801411357433,0.3739082969432314,0.1419703254182557,0.19347705914870092,0.2010572669942429,0.06356991884347925,0.011890227719093371,0.0022555225058855043,0.023530000750957472,0.0,0.0,0.0,6.54155964603838,3.2513731160177284,1.2345232858186268,1.6824074614684625,1.7483222437942576,0.552781328483058,0.103393177057685,0.019613218797662788,0.20460848953334515,0.0,0.0,0.0,1.4950015537483163,6.54155964603838,1.4584403539616204,0.0,0.0,0.7383520565846311,3.2513731160177284,0.4961712292339957,0.019613218797662788,1.6824074614684625,0.31759253853153746,0.2351887899515206,0.103393177057685,0.2898818898326372,0.20460848953334515,45.26164794341537,96.13999999999999,1.9550020318247214,0.7383520565846311,0.4961712292339957,6.779727296552988,4.099514846194888,-0.0,98.77424417457259,,,True,0.8676009718570341,0.7247989754481937,0.31759253853153746,2.0,0.3385819670092056,N/A,Mg-Hornblende
23,Costa et al. (2004),26,850,195.0,4.7,,,,47.9,1.14,8.49,,5.85,0.37,18.01,11.72,1.7,0.49,,,1123.15,1.95,4.7,0.7972172292124359,0.4468539102818579,0.08142415722517606,0.20899088785463366,0.1665342631005973,0.05485729037254554,0.0104039492542067,0.005215895794860228,0.01426819194472953,0.0,0.0,0.0,6.856586440019307,3.8432341269580745,0.7003006857637459,1.797457499968095,1.4323029261449776,0.4718083597819088,0.08948072716581208,0.044860094675729184,0.12271572643816507,0.0,0.0,0.0,1.511513647559657,6.856586440019307,1.1434135599806927,0.0,0.0,0.4528886540561672,3.8432341269580745,0.24741203170757875,0.044860094675729184,1.797457499968095,0.202542500031905,0.26926585975000383,0.08948072716581208,0.28888936616428484,0.12271572643816507,45.54711134594383,95.67,1.9765947698857051,0.4528886540561672,0.24741203170757875,4.2044636880026625,2.066769910286248,-0.0,98.06782836817463,,Recalc Total<98.5,False,0.9395176160168585,0.8458687531560414,0.202542500031905,2.0,0.3587465869158159,N/A,Mg-Hornblende
24,Nekvasil (2004),NVA (2.3),1000,930.0,5.8406505404565365,,,,41.86,4.16,13.95,,12.56,0.15,11.71,10.38,2.46,0.89,,,1273.15,9.3,5.8406505404565365,0.6966912988482791,0.29054188169908696,0.17481836149542077,0.18509602525009364,0.27363403654338425,0.07938172606850707,0.018896969053559108,0.00211455234926766,0.05206638464041653,0.0,0.0,0.0,6.079059291782907,2.535156285882596,1.5253975276852647,1.6150764535581006,2.3876249569170755,0.6926542935906732,0.16488765612758063,0.018450767403047918,0.45431117032910656,0.0,0.0,0.0,1.4898665155758555,6.079059291782907,1.9209407082170928,0.0,0.0,0.45793926202444624,2.535156285882596,1.0674582656608185,0.018450767403047918,1.6150764535581006,0.3849235464418994,0.3077307471487738,0.16488765612758063,0.4666842486999827,0.45431117032910656,45.542060737975554,98.12,1.948286981906888,0.45793926202444624,1.0674582656608185,4.190466103772586,8.78936511523323,-0.0,100.4881182009127,,,True,0.70369900793203,0.62433756632203,0.3849235464418994,2.0,0.4726184032763544,N/A,Tschermakitic pargasite
25,Sato et al. (2005),307,850,200.0,5.347843006239572,,,,45.34,2.3,9.34,,15.09,0.15,13.04,10.6,1.77,0.5,,0.056,1123.15,2.0,5.347843006239572,0.7546102123693496,0.32354108773322743,0.21003256966289005,0.18901906239412256,0.18320730475377842,0.05711611997612095,0.01061627474919051,0.00211455234926766,0.02878670304638414,0.0,0.0,0.0,6.52997549974825,2.799743949165891,1.817504602464279,1.6356654418226637,1.5853737357473332,0.4942510159168108,0.09186731490572364,0.01829815553423031,0.24910405734001684,0.0,0.0,0.0,1.5022924299148972,6.52997549974825,1.4700245002517498,0.0,0.0,0.999017935608272,2.799743949165891,0.8184866668560069,0.01829815553423031,1.6356654418226637,0.3643345581773363,0.12991645773947452,0.09186731490572364,0.1153492354955834,0.24910405734001684,45.00098206439173,98.13000000000001,1.9645362545040963,0.999017935608272,0.8184866668560069,9.217960793993088,6.7955612250505375,-0.0,101.01805827354772,,,True,0.7737881429581455,0.6063663062230884,0.3643345581773363,2.0,0.22178377264519816,N/A,Mg-Hornblende
26,Sato et al. (2005),309,850,200.0,4.973631735001931,,,,45.53,2.22,9.12,,14.93,0.14,13.97,10.25,1.7,0.45,,0.043,1123.15,2.0,4.973631735001931,0.7577724519006723,0.34661572052401746,0.2078055841661331,0.18277786693771286,0.1788919292670727,0.05485729037254554,0.00955464727427146,0.0019735821926498164,0.027785426418683826,0.0,0.0,0.0,6.477349009095716,2.962830053061276,1.7762974773058842,1.5623635199776424,1.5291469858357702,0.46891360928341047,0.08167199124094526,0.01686994641711374,0.2375065282842383,0.0,0.0,0.0,1.5208446944692293,6.477349009095716,1.5226509909042836,0.0,0.0,1.3658292989246874,2.962830053061276,0.41046817838119676,0.01686994641711374,1.5623635199776424,0.43763648002235755,0.031277129261052916,0.08167199124094526,0.0064959949314866705,0.2375065282842383,44.63417070107531,98.31,1.988796908152069,1.3658292989246874,0.41046817838119676,12.758169986546408,3.4500358084874745,-0.0,101.57700270318594,,,True,0.8783184437844161,0.6251847062726614,0.43763648002235755,2.0,0.11294912050199818,N/A,Tschermakitic pargasite
27,Sato et al. (2005),333,850,200.0,6.825356859819692,,,,44.73,1.49,10.4,,16.91,0.16,11.92,10.08,1.7,0.55,,0.037,1123.15,2.0,6.825356859819692,0.7444577591372078,0.29575228265184594,0.23536452968850038,0.1797464291445996,0.20399956846245135,0.05485729037254554,0.011677902224109561,0.0022555225058855043,0.018648777190918422,0.0,0.0,0.0,6.44990998412896,2.562369157003433,2.0391755090403794,1.5573056680810378,1.7674325201592251,0.4752782552581753,0.10117621480130734,0.01954162872450796,0.16157120094349414,0.0,0.0,0.0,1.5004784396368094,6.44990998412896,1.5500900158710396,0.0,0.0,1.31853930347431,2.562369157003433,0.7206362055660693,0.01954162872450796,1.5573056680810378,0.44269433191896224,0.03258392333921306,0.10117621480130734,0.21734250428818558,0.16157120094349414,44.68146069652569,97.94,1.9621641133712122,1.31853930347431,0.7206362055660693,12.15150113735142,5.975924182149898,-0.0,101.11958943287253,,,True,0.7804949654416493,0.5568497847933387,0.44269433191896224,2.0,0.1337601381405204,N/A,Tschermakitic pargasite
28,Sato et al. (2005),B52,850,200.0,5.343649032290557,,,,46.56,1.84,8.34,,13.25,0.35,14.63,10.81,1.28,0.34,,0.084,1123.15,2.0,5.343649032290557,0.774915118833633,0.36299126637554585,0.1844222364501851,0.1927637796679684,0.16359196163238884,0.041304312751093114,0.007219066829449547,0.00493395548162454,0.023029362437107313,0.0,0.0,0.0,6.654338907218878,3.1170728872332463,1.58366772507152,1.6552980936516175,1.4047943171339445,0.3546877441096153,0.061991457011864905,0.04236878482546268,0.19775737851694755,0.0,0.0,0.0,1.5138839012104848,6.654338907218878,1.3456610927811221,0.0,0.0,1.1637377229696924,3.1170728872332463,0.41993000210182774,0.04236878482546268,1.6552980936516175,0.3447019063483825,0.009985837761232796,0.061991457011864905,0.05913322435282242,0.19775737851694755,44.83626227703031,97.4,1.9796943323521723,1.1637377229696924,0.41993000210182774,10.82068552423767,3.5134090565607368,-0.0,100.46378891315058,,,True,0.8812751882764871,0.6631025075227348,0.3447019063483825,2.0,0.0719772947730977,N/A,Mg-Hornblende
29,Sato et al. (2005),290,850,300.0,5.55922119997399,,,,45.96,2.31,10.43,,13.82,0.23,13.17,10.33,1.75,0.55,,0.053,1123.15,3.0,5.55922119997399,0.7649290992610345,0.3267665740373164,0.19235587228238177,0.18420442589917793,0.20458802875609303,0.056470740089385116,0.011677902224109561,0.0032423136022104123,0.02891186262484668,0.0,0.0,0.0,6.538742210576789,2.79325546998733,1.6442902522079512,1.574610321617522,1.7488527769416866,0.4827213557984495,0.09982466646587342,0.02771584037158679,0.247143449914656,0.0,0.0,0.0,1.5207937505638829,6.538742210576789,1.461257789423211,0.0,0.0,0.9476092365760564,2.79325546998733,0.6966810156318948,0.02771584037158679,1.574610321617522,0.425389678382478,0.057331677415971505,0.09982466646587342,0.28759498751847556,0.247143449914656,45.052390763423944,98.55000000000001,1.9887302891989238,0.9476092365760564,0.6966810156318948,8.851292587250134,5.855493957410586,-0.0,101.42551683385966,,,True,0.800374299502966,0.6294595357105389,0.425389678382478,2.0,0.1571563438818449,N/A,Mg-Hornblende
30,Sato et al. (2005),283,850,300.0,6.834504894665045,,,,45.48,1.74,10.56,,12.58,0.22,13.54,11.06,1.72,0.53,,0.034,1123.15,3.0,6.834504894665045,0.7569402836029557,0.3359468042874156,0.17509673468251538,0.19722177642254676,0.20713802336187367,0.05550267025928137,0.01125325123414194,0.0031013434455925684,0.021777766652481916,0.0,0.0,0.0,6.560144943416305,2.9115371148075475,1.51750406672599,1.709254306259912,1.7951950582926248,0.4810228356646884,0.09752811520250984,0.026878292730781995,0.18874052402675112,0.0,0.0,0.0,1.500000956032835,6.560144943416305,1.4398550565836947,0.0,0.0,0.7099744434342412,2.9115371148075475,0.8075296232917488,0.026878292730781995,1.709254306259912,0.2907456937400881,0.19027714192460032,0.09752811520250984,0.3553400017089301,0.18874052402675112,45.29002555656576,97.43,1.9615397117352456,0.7099744434342412,0.8075296232917488,6.540957756206553,6.694362726109598,-0.0,100.0468601940514,,,True,0.7828676708005372,0.6573741348233388,0.2907456937400881,2.0,0.28780525712711014,N/A,Mg-Hornblende
31,Caricchi et al. (2006),LC6  ,950,1000.0,,,,,41.4,2.63,13.71,,14.21,0.22,11.52,9.98,2.47,0.79,,,1223.15,10.0,,0.689035350509287,0.2858277094084954,0.19778414943072684,0.17796323044276824,0.26892635419425076,0.079704416011875,0.016773714103721006,0.0031013434455925684,0.03291696913564795,0.0,0.0,0.0,6.062201411202815,2.5147405601995954,1.7401245798292901,1.5657381670402706,2.366040759303599,0.7012473639692778,0.14757680173525362,0.027285927490657044,0.2896067619740432,0.0,0.0,0.0,1.4775918761240006,6.062201411202815,1.9377985887971851,0.0,0.0,0.9500423945576131,2.5147405601995954,0.7900821852716771,0.027285927490657044,1.5657381670402706,0.4342618329597294,0.26698553100954836,0.14757680173525362,0.4282421705064139,0.2896067619740432,45.04995760544239,96.93,1.9322355303160008,0.9500423945576131,0.7900821852716771,8.621931592919477,6.451875907535271,-0.0,99.72604303077075,,,True,0.760930541175209,0.5910270895642356,0.4342618329597294,2.0,0.414562332744802,N/A,Tschermakitic pargasite
32,Caricchi et al. (2006),LC10 ,1050,700.0,,,,,40.11,5.47,14.56,,10.49,0.15,13.25,11.12,2.69,0.76,,,1323.15,7.0,,0.6675654084282004,0.32875148868598647,0.14600673663112768,0.19829169564364554,0.2855993958474319,0.08680359476596912,0.016136737618769575,0.00211455234926766,0.06846228941900924,0.0,0.0,0.0,5.791358728435814,2.8520318450452335,1.266658484582123,1.7202484248637901,2.477672649143736,0.7530509368230234,0.1399917297646963,0.018344466399928573,0.5939338263931664,0.0,0.0,0.0,1.4984998713610231,5.791358728435814,2.2086412715641863,0.0,0.0,0.4182027248830096,2.8520318450452335,0.8484557596991134,0.018344466399928573,1.7202484248637901,0.27975157513620985,0.4732993616868135,0.1399917297646963,0.26903137757954987,0.5939338263931664,45.58179727511699,98.60000000000001,1.9595767548567227,0.4182027248830096,0.8484557596991134,3.8490243692694652,7.026598745896337,-0.0,100.94519987002255,,,True,0.7707178484772333,0.6924608593487713,0.27975157513620985,2.0,0.6132910914515098,N/A,kaersutite
33,Adam et al. (2007),1923,1050,2000.0,,,,,42.57,2.12,14.24,0.05,8.37,0.1,15.43,10.29,2.61,1.29,0.19,0.05,1323.15,20.0,,0.7085080886758538,0.3828404128622469,0.11649917879909806,0.18349114641844538,0.2793224860485872,0.08422207521902579,0.027389988852911516,0.0014097015661784403,0.02653383063405843,0.0006579371564745623,0.0,0.0,6.07651240833142,3.2834269027413705,0.9991540207482543,1.5737099489075175,2.3956064574680487,0.7223297705468721,0.23490996050564678,0.012090291128414414,0.22756712825925887,0.005642791323232243,0.0,0.0,1.5157716357424975,6.07651240833142,1.9234875916685796,0.0,0.005642791323232243,0.8859320491598126,3.2834269027413705,0.11322197158844172,0.012090291128414414,1.5737099489075175,0.4262900510924825,0.29603971945438956,0.23490996050564678,0.47211886579946905,0.22756712825925887,45.11406795084019,97.06999999999998,1.9821629082786505,0.8859320491598126,0.11322197158844172,8.247860014324315,0.9484702883801238,-0.0,99.87849321098307,,,True,0.9666665658484405,0.7666934872688635,0.4262900510924825,2.0,0.5309496799600364,N/A,Mg-hastingsite
34,Mc Canta et al. (2007),70,870,300.0,7.077395915985107,,,,47.31,1.7,10.39,0.03,8.35,0.13,17.02,11.03,1.86,0.19,,,1143.15,3.0,7.077395915985107,0.7873976432993809,0.42229059150456527,0.11622080561200344,0.19668681681199734,0.20380341503123744,0.06002032946643218,0.004034184404692394,0.001832612036031972,0.021277128338631757,0.00039476229388473735,0.0,0.0,6.590302345983799,3.5344564459424905,0.9727362716854038,1.6462147191966467,1.7057786947035556,0.502353698230404,0.0337650171709581,0.015338460183513158,0.17808372935727518,0.0033040521439627424,0.0,0.0,1.5532169581157356,6.590302345983799,1.4096976540162007,0.0,0.0033040521439627424,0.9255969486756825,3.5344564459424905,0.047139323009721235,0.015338460183513158,1.6462147191966467,0.35378528080335325,0.14856841742705074,0.0337650171709581,0.29608104068735486,0.17808372935727518,45.07440305132432,98.00999999999999,2.0311298683051926,0.9255969486756825,0.047139323009721235,8.830008676581057,0.40464549188566934,-0.0,100.92578403677192,,,True,0.9868384580363987,0.7841813446580672,0.35378528080335325,2.0,0.18233343459800883,N/A,Mg-Hornblende
35,Irving & Green (2008),not given,1110,1400.0,,,,,43.4,3.2,12.7,0.17,9.2,,15.4,10.1,2.9,1.6,,,1383.15,14.0,,0.7223220824179482,0.38209606986899564,0.12805166606352475,0.18010306888496586,0.24911485764164729,0.09358008357669532,0.03397207919740963,0.0,0.04005106510801272,0.0022369863320135116,0.0,0.0,6.162054679760958,3.259621895502513,1.0923954664054774,1.5364405788992086,2.125172982653582,0.798321975711854,0.2898122799996047,0.0,0.34167147756593114,0.01908349811153807,0.0,0.0,1.523872727432142,6.162054679760958,1.837945320239042,0.0,0.01908349811153807,0.6872757910712224,3.259621895502513,0.40511967533425497,0.0,1.5364405788992086,0.4635594211007914,0.33476255461106263,0.2898122799996047,0.28722766241454023,0.34167147756593114,45.31272420892878,98.67,1.9927566435651087,0.6872757910712224,0.40511967533425497,6.432604282317938,3.4118605648732276,-0.0,101.30722149075628,,,True,0.8894547766865443,0.7489910136924282,0.4635594211007914,2.0,0.6245748346106673,N/A,Mg-hastingsite
36,Irving & Green (2008),not given,1090,1400.0,,,,,43.5,3.3,12.1,0.11,8.6,,15.2,9.9,2.9,1.5,,,1363.15,14.0,,0.7239864190133812,0.37713378324732033,0.11970047045068617,0.17653667148130317,0.23734565176881356,0.09358008357669532,0.03184882424757153,0.0,0.041302660892638114,0.001447461744244037,0.0,0.0,6.270717777296607,3.2664970735927397,1.0367706469256457,1.5290502903509824,2.0557396642038954,0.8105321844088896,0.27585460603999357,0.0,0.35773782920136815,0.012537008779746289,0.0,0.0,1.5009164471170833,6.270717777296607,1.729282222703393,0.0,0.012537008779746289,0.5303247428695528,3.2664970735927397,0.5064459040560929,0.0,1.5290502903509824,0.4709497096490176,0.339582474759872,0.27585460603999357,0.3264574415005024,0.35773782920136815,45.46967525713045,97.11000000000001,1.9627368923838782,0.5303247428695528,0.5064459040560929,4.888836343267007,4.200962660157911,-0.0,99.56253589580881,,,True,0.8657690012660376,0.7590736356043511,0.4709497096490176,2.0,0.6154370807998656,N/A,Mg-hastingsite
37,Rutherford & Devine (2008),not given,860,225.0,,,,,44.44,1.89,10.31,,14.95,0.26,13.15,10.56,1.89,0.26,,,1133.15,2.25,,0.7396311830104519,0.3262703453751489,0.2080839573532277,0.18830578291339004,0.20223418758152628,0.06098839929653592,0.005520462869579065,0.003665224072063944,0.02365516032942001,0.0,0.0,0.0,6.395044368624815,2.821018614099095,1.7991482379862294,1.628140976558508,1.7485696008281713,0.5273216279028112,0.04773136368130264,0.031690484528245494,0.20452869393344225,0.0,0.0,0.0,1.503540057721839,6.395044368624815,1.6049556313751854,0.0,0.0,1.220949329354191,2.821018614099095,0.5781989086320383,0.031690484528245494,1.628140976558508,0.371859023441492,0.1554626044613192,0.04773136368130264,0.14361396945298588,0.20452869393344225,44.77905067064581,97.71000000000002,1.966167767790097,1.220949329354191,0.5781989086320383,11.275082709140637,4.804536669932326,-0.0,100.80578714686308,,,True,0.8299023511247734,0.6105880381410513,0.371859023441492,2.0,0.20319396814262186,N/A,Tschermakitic pargasite
38,Rutherford & Devine (2008),not given,850,140.0,,,,,46.04,1.49,8.58,,11.6,0.29,15.48,11.36,1.94,0.24,,,1123.15,1.4,,0.7662605685373809,0.38408098451766576,0.16145644851487903,0.20257137252804078,0.16829964398152236,0.0626018490133755,0.005095811879611445,0.0040881345419174755,0.018648777190918422,0.0,0.0,0.0,6.628399209149676,3.322423466061636,1.3966499642424592,1.752307218449447,1.4558457956366497,0.5415260337402091,0.044080404003125025,0.035363672459704995,0.16131789244987357,0.0,0.0,0.0,1.502834557284284,6.628399209149676,1.3716007908503238,0.0,0.0,0.874499126522025,3.322423466061636,0.5221508377204342,0.035363672459704995,1.752307218449447,0.24769278155055297,0.29383325218965617,0.044080404003125025,0.0842450047863259,0.16131789244987357,45.125500873477975,97.02,1.9652451902948331,0.874499126522025,0.5221508377204342,8.071934804788105,4.336770037324504,-0.0,99.79395003240744,,,True,0.8641850055526896,0.7040414850776205,0.24769278155055297,2.0,0.3379136561927812,N/A,Mg-Hornblende
39,Rutherford & Devine (2008),not given,850,234.0,,,,,45.59,1.68,9.48,,14.21,0.28,13.71,11.32,1.79,0.26,,,1123.15,2.34,,0.7587710538579322,0.3401647479158396,0.19778414943072684,0.20185809304730826,0.18595345279077297,0.05776149986285677,0.005520462869579065,0.003947164385299633,0.021026809181706678,0.0,0.0,0.0,6.5426596742418,2.9331405928991807,1.7054345604055134,1.740562978233024,1.6034219421976148,0.4980604280500065,0.047601327984642304,0.03403523779669466,0.18130799245919513,0.0,0.0,0.0,1.507647377562278,6.5426596742418,1.4573403257582003,0.0,0.0,0.9218550118997086,2.9331405928991807,0.7835795485058048,0.03403523779669466,1.740562978233024,0.2594370217669759,0.23862340628303058,0.047601327984642304,0.14608161643941453,0.18130799245919513,45.07814498810029,98.32000000000002,1.9715388783506713,0.9218550118997086,0.7835795485058048,8.536296477359327,6.528931477511465,-0.0,101.14676683322148,,,True,0.7891744552470937,0.6323365464520935,0.2594370217669759,2.0,0.28622473426767286,N/A,Mg-Hornblende
40,Mercer & Johnston (2008),CNM-78,1025,1500.0,,,,,41.77,1.49,14.5,,11.0,0.13,14.52,11.45,2.74,0.5,,,1298.15,15.0,,0.6951933959123894,0.3602620087336244,0.15310525290204047,0.204176251359689,0.28442247526014847,0.0884170444828087,0.01061627474919051,0.001832612036031972,0.018648777190918422,0.0,0.0,0.0,5.971407994888663,3.094493491819253,1.3151073307288905,1.7537849279127706,2.4430649840472767,0.759463840441326,0.09118916877806472,0.015741337918103032,0.16018486059781487,0.0,0.0,0.0,1.513464522035153,5.971407994888663,2.028592005111337,0.0,0.0,0.9355264399348258,3.094493491819253,0.37958089079406476,0.015741337918103032,1.7537849279127706,0.24621507208722937,0.5132487683540966,0.09118916877806472,0.4144729789359398,0.16018486059781487,45.064473560065174,98.1,1.9791459134305849,0.9355264399348258,0.37958089079406476,8.69631782327642,3.1749422280389297,-0.0,100.95040596474593,,,True,0.8907389857011262,0.7017627255500783,0.24621507208722937,2.0,0.6044379371321613,N/A,Mg-hastingsite
41,Mercer & Johnston (2008),CNM-77,1050,1500.0,,,,,42.4,1.39,14.05,,9.4,0.13,15.92,11.45,2.84,0.48,,,1323.15,15.0,,0.7056787164636176,0.3949980150853513,0.13083539793447094,0.204176251359689,0.2755955708555232,0.09164394391648784,0.01019162375922289,0.001832612036031972,0.017397181406293025,0.0,0.0,0.0,6.010350496796199,3.3642455990440134,1.1143408191686877,1.7389936881523633,2.347280621565587,0.7805424919248272,0.0868032852561784,0.015608577110554437,0.14817388631495987,0.0,0.0,0.0,1.526337493781288,6.010350496796199,1.9896495032038013,0.0,0.0,0.9903374587263585,3.3642455990440134,0.12400336044232918,0.015608577110554437,1.7389936881523633,0.2610063118476367,0.5195361800771905,0.0868032852561784,0.35763111836178574,0.14817388631495987,45.00966254127364,98.06000000000002,1.9959797995601458,0.9903374587263585,0.12400336044232918,9.284122696109282,1.0460279010756062,-0.0,100.98613039674504,,,True,0.9644511151920221,0.7511847009053819,0.2610063118476367,2.0,0.6063394653333689,N/A,Mg-hastingsite
42,Mercer & Johnston (2008),CNM-76,1050,2000.0,,,,,41.66,1.28,14.91,,10.54,,14.7,11.23,2.81,0.53,,,1323.15,20.0,,0.6933626256574129,0.3647280666931322,0.14670266959886422,0.20025321421566006,0.2924647659399182,0.0906758740863841,0.01125325123414194,0.0,0.016020426043205086,0.0,0.0,0.0,5.956414376006699,3.133239980629573,1.2602667895009774,1.7202991333211246,2.5124534721903187,0.7789619168656688,0.0966723975990262,0.0,0.13762538167242888,0.0,0.0,0.0,1.5132785539325329,5.956414376006699,2.043585623993301,0.0,0.0,0.9832344313444921,3.133239980629573,0.2770323581564853,0.0,1.7202991333211246,0.2797008666788754,0.49926105018679345,0.0966723975990262,0.4688678481970179,0.13762538167242888,45.01676556865551,97.66,1.9789027243733122,0.9832344313444921,0.2770323581564853,9.138671119574177,2.3169070860984475,-0.0,100.55448093004595,,,True,0.9187653270368725,0.7131524189130749,0.2797008666788754,2.0,0.5959334477858197,N/A,Mg-hastingsite
43,Mercer & Johnston (2008),CNM-75,1000,1000.0,9.82,,,,42.49,1.49,13.64,,10.19,0.07,16.11,11.76,2.73,0.41,,,1273.15,10.0,9.82,0.7071766193995074,0.3997121873759428,0.14183113882470838,0.20970416733536618,0.26755328017575347,0.08809435453944078,0.008705345294336218,0.0009867910963249082,0.018648777190918422,0.0,0.0,0.0,5.985574200583407,3.3831816420172087,1.2004650353251336,1.7749453521571954,2.264582803177683,0.7456345151739782,0.07368242780027823,0.00835224350678229,0.15784407538978568,0.0,0.0,0.0,1.5359087940631553,5.985574200583407,2.0144257994165926,0.0,0.0,1.079372997587285,3.3831816420172087,0.1210920377378486,0.00835224350678229,1.7749453521571954,0.2250546478428046,0.5205798673311736,0.07368242780027823,0.2501570037610903,0.15784407538978568,44.920627002412715,98.89,2.0084961153133567,1.079372997587285,0.1210920377378486,10.182257336190268,1.027874888679686,-0.0,101.91862834018332,,,True,0.9654444690101053,0.738098261094335,0.2250546478428046,2.0,0.5942622951314518,N/A,Mg-hastingsite
44,Mercer & Johnston (2008),CNM-51,1075,1000.0,5.91,,,,39.86,2.49,15.1,,11.91,0.11,13.72,10.37,2.84,0.34,,,1348.15,10.0,5.91,0.6634045669396178,0.34041286224692335,0.16577123291484563,0.18491770537991048,0.2961916811329822,0.09164394391648784,0.007219066829449547,0.0015506717227962842,0.0311647350371724,0.0,0.0,0.0,5.755277831283552,2.953206379949176,1.438126219511224,1.6042288875012958,2.5695714217029435,0.7950448113842457,0.06262805135296429,0.013452645692473848,0.27036550186063063,0.0,0.0,0.0,1.4984957499943377,5.755277831283552,2.2447221687164483,0.0,0.0,1.313011274268888,2.953206379949176,0.12511494524233613,0.013452645692473848,1.6042288875012958,0.3957711124987042,0.39927369888554143,0.06262805135296429,0.32484925298649525,0.27036550186063063,44.68698872573111,96.74000000000001,1.9595713653772107,1.313011274268888,0.12511494524233613,12.084566148048804,1.0361531398423915,-0.0,99.91029065326843,,,True,0.9593561126259124,0.6725080173412648,0.3957711124987042,2.0,0.4619017502385057,N/A,Tschermakitic pargasite
45,Freise et al. (2009),60,900,500.0,,3.5754867302668476,-8.19,,41.41,2.02,14.57,,10.81,0.17,13.75,12.35,2.26,0.69,,,1173.15,5.0,,0.6892017841688302,0.3411572052401747,0.1504607076246416,0.2202250396761711,0.28579554927864576,0.07292792720114877,0.014650459153882902,0.0023964926625033483,0.025282234849433028,0.0,0.0,0.0,5.995890601944366,2.96798604947326,1.3089721523232352,1.915905147140067,2.486352890197377,0.6344555155961922,0.12745548890427416,0.02084891270277462,0.2199493933589872,0.0,0.0,0.0,1.4942939738242287,5.995890601944366,2.0041093980556344,0.0,0.0,0.4882458204153153,2.96798604947326,0.8207263319079199,0.02084891270277462,1.915905147140067,0.08409485285993301,0.5503606627362592,0.12745548890427416,0.48224349214174245,0.2199493933589872,45.511754179584685,98.03,1.9540767350009143,0.4882458204153153,0.8207263319079199,4.4810694180535915,6.777876543957037,-0.0,100.43302269701154,,,True,0.7833759205525327,0.693947873567384,0.08409485285993301,2.0,0.6778161516405333,N/A,Mg-hastingsite
46,Freise et al. (2009),54,950,500.0,9.19,3.583087146097755,-7.34,,41.08,2.15,13.28,,9.96,0.12,14.84,12.31,2.22,0.66,,,1223.15,5.0,9.19,0.6837094734039011,0.36820166732830484,0.1386298471731203,0.21951176019543858,0.2604917566520532,0.07163716742767712,0.014013482668931473,0.0016916418794141281,0.026909309369446043,0.0,0.0,0.0,6.007042945455225,3.2350045074228824,1.217996061024122,1.9286211787612548,2.2886697201306134,0.6294011681400338,0.1231218748345978,0.014862695067511809,0.23642407089964526,0.0,0.0,0.0,1.4796336958062395,6.007042945455225,1.9929570545447746,0.0,0.0,0.6146308466625072,3.2350045074228824,0.6033652143616148,0.014862695067511809,1.9286211787612548,0.07137882123874517,0.5580223469012886,0.1231218748345978,0.29571266558583886,0.23642407089964526,45.38536915333749,96.62,1.9349056022081592,0.6146308466625072,0.6033652143616148,5.585674937793855,4.933938398773416,-0.0,99.11451893877543,,,True,0.8428069055106281,0.7264774521578601,0.07137882123874517,2.0,0.6811442217358864,N/A,Mg-hastingsite
47,Freise et al. (2009),86,1000,492.9,5.03,,,,41.22,4.52,13.59,,13.87,0.16,10.68,11.19,2.37,0.76,,,1273.15,4.928999999999999,5.03,0.6860395446375074,0.2649861055974593,0.19305180525011828,0.1995399347349275,0.266572513019684,0.07647751657819585,0.016136737618769575,0.0022555225058855043,0.05657212946506796,0.0,0.0,0.0,6.069173123848157,2.344247591638558,1.70786777102401,1.7652661839887573,2.3582820323143165,0.67657220611137,0.1427565728943133,0.01995388848931163,0.5004755926856485,0.0,0.0,0.0,1.4694776204757223,6.069173123848157,1.9308268761518432,0.0,0.0,0.15255938763486654,2.344247591638558,1.5553083833891435,0.01995388848931163,1.7652661839887573,0.23473381601124266,0.4418383901001274,0.1427565728943133,0.4274551561624733,0.5004755926856485,45.84744061236513,98.36,1.9216245806220984,0.15255938763486654,1.5553083833891435,1.3769209431706362,12.631028961143237,-0.0,100.41957448493596,,,True,0.6011575693876031,0.578524395736403,0.23473381601124266,2.0,0.5845949629944407,N/A,kaersutite
48,Freise et al. (2009),87,1000,492.9,4.1,-1.2597588779471192,-11.41,,40.04,5.31,13.42,,14.62,0.13,11.09,10.6,2.43,0.86,,,1273.15,4.928999999999999,4.1,0.6664003728113973,0.27515879317189357,0.2034907997661665,0.18901906239412256,0.2632379046890478,0.07841365623840334,0.018259992568607677,0.001832612036031972,0.0664597361636086,0.0,0.0,0.0,5.867073618620101,2.4225330030045735,1.7915588760900554,1.6641478601074042,2.3175799849965673,0.6903638002406793,0.16076329643020412,0.016134549391694102,0.58511996789701,0.0,0.0,0.0,1.4765802186381456,5.867073618620101,2.1329263813798987,0.0,0.0,0.5986100250835094,2.4225330030045735,1.192948851006546,0.016134549391694102,1.6641478601074042,0.33585213989259577,0.35451166034808357,0.16076329643020412,0.1846536036166686,0.58511996789701,45.40138997491649,98.5,1.9309125936037288,0.5986100250835094,1.192948851006546,5.428853526795252,9.735048305964245,-0.0,100.97481442636321,,,True,0.6700442986090348,0.5748647804814924,0.33585213989259577,2.0,0.5152749567782877,N/A,kaersutite
49,Freise et al. (2009),102,1000,492.9,4.2612720397534645,-2.099758877947119,-12.25,,40.68,5.34,12.73,,15.12,0.15,10.19,11.01,2.23,1.03,,,1273.15,4.928999999999999,4.2612720397534645,0.6770521270221689,0.25282850337435486,0.21045012944353197,0.19633017707163108,0.249703317935289,0.07195985737104503,0.02186952598333245,0.00211455234926766,0.06683521489899621,0.0,0.0,0.0,6.0327451063351365,2.252780628844748,1.875176131728618,1.7493629628845575,2.2249342542283115,0.6411847184013527,0.1948642808849754,0.018841319343076594,0.5955225595201099,0.0,0.0,0.0,1.4589838450236086,6.0327451063351365,1.9672548936648635,0.0,0.0,0.18375548900574046,2.252780628844748,1.6914206427228775,0.018841319343076594,1.7493629628845575,0.2506370371154425,0.3905476812859102,0.1948642808849754,0.257679360563448,0.5955225595201099,45.81624451099426,98.48000000000002,1.907901951184719,0.18375548900574046,1.6914206427228775,1.6466371011318848,13.638334919714682,-0.0,100.55287397203129,,,True,0.5711626952418122,0.5457374579020157,0.2506370371154425,2.0,0.5854119621708856,N/A,kaersutite
50,Freise et al. (2009),61,900,500.0,8.011442175539642,3.185486730266847,-8.58,,42.65,1.81,12.96,,10.8,0.2,14.13,12.06,2.17,0.74,,,1173.15,5.0,8.011442175539642,0.7098395579522002,0.3505855498213577,0.15032152103109428,0.21505376344086022,0.2542148468532086,0.07002371771083754,0.015712086628801955,0.0028194031323568805,0.022653883701719696,0.0,0.0,0.0,6.1914244659390265,3.057907841640472,1.3111474735981925,1.8757606807673384,2.2173348960046075,0.6107669742746036,0.13704533154669382,0.024591643755918983,0.1975936790617826,0.0,0.0,0.0,1.4904347624919374,6.1914244659390265,1.8085755340609735,0.0,0.0,0.5052951466377991,3.057907841640472,0.8058523269603934,0.024591643755918983,1.8757606807673384,0.12423931923266163,0.48652765504194195,0.13704533154669382,0.40875936194363405,0.1975936790617826,45.4947048533622,97.52,1.949030074027918,0.5052951466377991,0.8058523269603934,4.625569287621648,6.637853717010165,-0.0,99.93245307865972,,,True,0.791433139792368,0.6999013793610965,0.12423931923266163,2.0,0.6235729865886358,N/A,Mg-hastingsite
51,Freise et al. (2009),55,950,500.0,6.56,3.0330871460977553,-7.89,,41.46,2.25,13.57,,10.36,0.18,14.69,12.12,2.35,0.65,,,1223.15,5.0,6.56,0.6900339524665469,0.3644799523620484,0.14419731091501264,0.216123682661959,0.26618020615725624,0.07583213669146001,0.013801157173947663,0.002537462819121192,0.028160905154071443,0.0,0.0,0.0,5.997929006201967,3.1681410322449683,1.253395185355619,1.8785952495985303,2.3136977154248464,0.6591498442042691,0.11996273608983928,0.022056192728724985,0.24478086804387536,0.0,0.0,0.0,1.4955897898740567,5.997929006201967,2.002070993798033,0.0,0.0,0.6645794565922927,3.1681410322449683,0.5888157287633262,0.022056192728724985,1.8785952495985303,0.1214047504014697,0.5377450938027994,0.11996273608983928,0.3116267216268134,0.24478086804387536,45.33542054340771,97.63000000000001,1.9557712636814588,0.6645794565922927,0.5888157287633262,6.104730502119873,4.866885577079429,-0.0,100.19738734288077,,,True,0.8432732218602114,0.7165249533937342,0.1214047504014697,2.0,0.6577078298926388,N/A,Mg-hastingsite
52,Freise et al. (2009),56,950,500.0,6.471510926126811,2.4730871460977557,-8.45,,42.97,2.08,12.3,,10.17,0.32,15.09,11.85,2.13,0.7,,,1223.15,5.0,6.471510926126811,0.715165435057586,0.37440452560539894,0.14155276563761376,0.21130904616701437,0.2412687203930915,0.06873295793736588,0.014862784648866713,0.004511045011771009,0.026033192320208266,0.0,0.0,0.0,6.185993688596076,3.238501077992274,1.224394345578363,1.8277679007615266,2.0869112354222468,0.5945220828029094,0.12855919417504974,0.03901935776516003,0.22518029464587996,0.0,0.0,0.0,1.5029356840256696,6.185993688596076,1.814006311403924,0.0,0.0,0.7121237195928316,3.238501077992274,0.5122706259855314,0.03901935776516003,1.8277679007615266,0.17223209923847338,0.42228998356443603,0.12855919417504974,0.2729049240183228,0.22518029464587996,45.28787628040717,97.60999999999999,1.9653774329566447,0.7121237195928316,0.5122706259855314,6.573594946481283,4.254995365738905,-0.0,100.23396774517681,,,True,0.8634226056887832,0.7256502271794755,0.17223209923847338,2.0,0.5508491777394857,N/A,Mg-hastingsite
53,Freise et al. (2009),98,960,500.3,6.93,-0.6872042316125224,-11.45,,40.13,4.0,13.61,,13.89,0.14,11.13,11.6,2.46,0.71,,,1233.15,5.003,6.93,0.6678982757472871,0.2761512504962287,0.19333017843721292,0.206851049412436,0.2669648198821118,0.07938172606850707,0.015075110143850523,0.0019735821926498164,0.0500638313850159,0.0,0.0,0.0,5.9618135581938665,2.464989548713166,1.7257096190664891,1.846400021820538,2.3829893571040897,0.708579536634594,0.13456389889061485,0.0176166483753607,0.4468812685470266,0.0,0.0,0.0,1.4563819381405063,5.9618135581938665,2.0381864418061335,0.0,0.0,0.26367751024784525,2.464989548713166,1.4620321088186439,0.0176166483753607,1.846400021820538,0.15359997817946192,0.5549795584551321,0.13456389889061485,0.34480291529795615,0.4468812685470266,45.736322489752155,97.66999999999997,1.9044994575683545,0.26367751024784525,1.4620321088186439,2.358606363904415,11.76769588992396,-0.0,99.81080171139669,,,True,0.6276995045304761,0.5882048436369112,0.15359997817946192,2.0,0.689543457345747,N/A,Pargasite
54,Freise et al. (2009),83,1040,489.3,2.84,-1.6958366983641042,-11.27,,39.24,5.96,13.87,,12.74,0.1,12.04,10.95,2.31,0.78,,,1313.15,4.893,2.84,0.6530856800479329,0.29872965462485107,0.17732372017927234,0.19526025785053228,0.27206480909367303,0.07454137691798836,0.016561388608737196,0.0014097015661784403,0.07459510876367369,0.0,0.0,0.0,5.747403185800173,2.62893494856271,1.5605163999331426,1.7183647755803593,2.394274133241335,0.6559925600281639,0.14574653917407102,0.012405911689698677,0.656465420772941,0.0,0.0,0.0,1.4772086742755814,5.747403185800173,2.252596814199827,0.0,0.0,0.5595200032494887,2.62893494856271,1.000996396683654,0.012405911689698677,1.7183647755803593,0.28163522441964073,0.37435733560852313,0.14574653917407102,0.14167731904150793,0.656465420772941,45.44047999675051,97.99,1.9317344202065294,0.5595200032494887,1.000996396683654,5.076501971771003,8.172098732378664,-0.0,100.43033512435619,,,True,0.7242382013658398,0.6275129437907381,0.28163522441964073,2.0,0.5201038747825941,N/A,kaersutite
55,Freise et al. (2009),100,960,500.3,4.679912872680916,-1.947204231612524,-12.71,,40.53,4.49,12.8,,16.92,0.16,9.71,10.36,2.27,0.94,,,1233.15,5.003,4.679912872680916,0.6745556221290193,0.24091901548233427,0.23550371628204772,0.18473938550972735,0.2510763919537863,0.0732506171445167,0.019958596528478156,0.0022555225058855043,0.056196650729680345,0.0,0.0,0.0,6.004232484694159,2.144424761258448,2.0962230795793655,1.6443688011657944,2.2348357633588734,0.6520051431709523,0.17765184914917523,0.02007644893248887,0.5002074621766653,0.0,0.0,0.0,1.4605069190827535,6.004232484694159,1.9957675153058414,0.0,0.0,0.6378897482477512,2.144424761258448,1.4583333313316142,0.02007644893248887,1.6443688011657944,0.3556311988342056,0.2963739443367467,0.17765184914917523,0.23906824805303195,0.5002074621766653,45.36211025175225,98.18,1.9098936634159085,0.6378897482477512,1.4583333313316142,5.722111732678875,11.771170829338583,-0.0,100.66317622543338,,,True,0.5952175267245872,0.5056832922100836,0.3556311988342056,2.0,0.4740257934859219,N/A,kaersutite
56,Pietranik et al. (2009),850/0.9/2,850,200.0,5.2445292472839355,-0.09,-12.896729504618524,,43.2,3.1,10.5,,15.1,0.2,11.9,11.6,2.0,0.8,,,1123.15,2.0,5.2445292472839355,0.7189934092270821,0.2952560539896784,0.21017175625643736,0.206851049412436,0.2059611027745903,0.06453798867358299,0.016986039598704816,0.0028194031323568805,0.03879946932338732,0.0,0.0,0.0,6.349800770259957,2.607558143075336,1.8561349278551156,1.8268080569752916,1.8189484802754747,0.5699681873733505,0.15001245622469514,0.02489959984578774,0.34265807868832754,0.0,0.0,0.0,1.4720011947035325,6.349800770259957,1.6501992297400427,0.0,0.0,0.42253706427932514,2.607558143075336,1.4335978635757904,0.02489959984578774,1.8268080569752916,0.17319194302470842,0.3967762443486421,0.15001245622469514,0.168749250535432,0.34265807868832754,45.577462935720675,98.4,1.9249246392276964,0.42253706427932514,1.4335978635757904,3.820146917442763,11.662583045624448,-0.0,100.70765460229492,,,True,0.6452505517687743,0.5841705739260862,0.17319194302470842,2.0,0.5467887005733373,N/A,Mg-hastingsite
57,Pietranik et al. (2009),800/0.9/2,800,200.0,4.6,-0.09,-13.907467352400202,,44.6,2.3,10.8,,16.0,0.3,10.8,11.3,1.8,0.8,,,1073.15,2.0,4.6,0.7422941215631449,0.26796347757046446,0.22269854967569522,0.201501453306942,0.21184570571100717,0.05808418980622469,0.016986039598704816,0.00422910469853532,0.02878670304638414,0.0,0.0,0.0,6.529779570728247,2.357209077523417,1.9590245939721647,1.772558929208486,1.8635547838978397,0.510952390651155,0.1494220298089327,0.037202398161006636,0.2532295757173252,0.0,0.0,0.0,1.477817662265231,6.529779570728247,1.4702204292717527,0.0,0.0,0.3649346443339567,2.357209077523417,1.594089949638208,0.037202398161006636,1.772558929208486,0.227441070791514,0.28351131985964106,0.1494220298089327,0.393334354626087,0.2532295757173252,45.63506535566604,98.69999999999999,1.9325307891160715,0.3649346443339567,1.594089949638208,3.312402009785183,13.019458394085747,-0.0,100.964391192987,,,True,0.5965656006593594,0.546126381685596,0.227441070791514,2.0,0.4329333496685738,N/A,Mg-Hornblende
58,Pilet et al. (2010),6,1130,1500.0,4.619223333333333,,,,39.29,6.2,14.6,,10.04,0.16,11.69,10.84,2.59,2.03,,,1403.15,15.0,4.619223333333333,0.6539178483456494,0.29004565303691937,0.13974333992149873,0.1932987392785178,0.28638400957228743,0.08357669533228997,0.043102075481713464,0.0022555225058855043,0.07759893864677464,0.0,0.0,0.0,5.862932869238678,2.6005073834153674,1.2529185783133387,1.7330885446322586,2.5676776175991636,0.7493365648386797,0.38644697604364703,0.02022268863056595,0.6957408628028885,0.0,0.0,0.0,1.4499453120290149,5.862932869238678,2.137067130761322,0.0,0.0,0.0,2.6005073834153674,1.2529185783133387,0.02022268863056595,1.7330885446322586,0.2669114553677414,0.4824251094709383,0.38644697604364703,0.43061048683784175,0.6957408628028885,46.28698571182914,97.44,1.8960823311148656,0.0,1.2529185783133387,0.0,10.04,-0.0,99.33608233111488,,,True,0.6748559357940122,0.6748559357940122,0.2669114553677414,2.0,0.8688720855145853,N/A,kaersutite
59,Pilet et al. (2010),7,1100,1500.0,5.22,,,,38.76,5.45,15.87,,11.3,0.21,10.88,10.66,2.66,2.01,,,1373.15,15.0,5.22,0.6450968643898541,0.2699483922191346,0.15728085070845976,0.1900889816152214,0.3112954953364522,0.08583552493586538,0.042677424491745844,0.002960373288974724,0.06821197026208416,0.0,0.0,0.0,5.764568418053206,2.4122516511725545,1.4054574976365175,1.6986300825929663,2.7817282646320116,0.7670239672615747,0.38136432986952484,0.026453816952610173,0.6095403515531009,0.0,0.0,0.0,1.4547939462049595,5.764568418053206,2.235431581946794,0.0,0.0,0.0,2.4122516511725545,1.4054574976365175,0.026453816952610173,1.6986300825929663,0.30136991740703367,0.46565404985454106,0.38136432986952484,0.5462966826852176,0.6095403515531009,46.07559426616166,97.79999999999998,1.9024228527295624,0.0,1.4054574976365175,0.0,11.3,-0.0,99.70242285272954,,,True,0.6318584148624974,0.6318584148624974,0.30136991740703367,2.0,0.8470183797240659,N/A,kaersutite
60,Krawczynski et al. (2012),41c-103b,945,489.0,5.95118341290906,,,,45.3,1.78,12.38,0.16,7.6,0.07,16.9,11.3,2.4,0.27,,,1218.15,4.89,5.95118341290906,0.7539444777311762,0.4193132195315601,0.10578181109595523,0.201501453306942,0.24283794784280266,0.07744558640829959,0.0057327883645628755,0.0009867910963249082,0.022278404966332075,0.002105398900718599,0.0,0.0,6.334652160735473,3.5230755985159314,0.8887802723112852,1.6930180593978454,2.0403278708799917,0.6506989118841774,0.04816696888595797,0.008291032742013043,0.18718347348653802,0.017689591328769634,0.0,0.0,1.5472480511648696,6.334652160735473,1.665347839264527,0.0,0.017689591328769634,0.8134092697813813,3.5230755985159314,0.07537100252990392,0.008291032742013043,1.6930180593978454,0.30698194060215456,0.34371697128202283,0.04816696888595797,0.3749800316154648,0.18718347348653802,45.18659073021862,98.16,2.023324374600214,0.8134092697813813,0.07537100252990392,7.729940558060818,0.6445008255388529,-0.0,100.95776575819988,,,True,0.9790545724624624,0.7985473011055911,0.30698194060215456,2.0,0.3918839401679808,N/A,Tschermakitic pargasite
61,Krawczynski et al. (2012),41c-118,975,500.0,6.0490337539755075,3.0,-7.52751323195789,,44.0,1.44,11.96,0.26,8.7,0.13,16.7,11.43,2.3,0.27,,,1248.15,5.0,6.0490337539755075,0.7323081019905465,0.41435093290988484,0.12109233638615927,0.20381961161932274,0.23459950373181904,0.07421868697462043,0.0057327883645628755,0.001832612036031972,0.01802297929860572,0.0034212732136677236,0.0,0.0,6.240057832575086,3.530718528596176,1.0318378017085283,1.7367637480187068,1.9990417514168968,0.6324235628699864,0.048849563236496446,0.015615838549960914,0.1535752954704509,0.029152951682900014,0.0,0.0,1.525627739566715,6.240057832575086,1.7599421674249136,0.0,0.029152951682900014,1.0297384186652323,3.530718528596176,0.0020993830432960436,0.015615838549960914,1.7367637480187068,0.2632362519812932,0.36918731088869317,0.048849563236496446,0.23909958399198317,0.1535752954704509,44.97026158133477,97.18999999999998,1.9950516594333967,1.0297384186652323,0.0020993830432960436,9.649006197532717,0.0177010693409689,-0.0,100.15175892630707,,,True,0.9994057483018359,0.7738465616621508,0.2632362519812932,2.0,0.41803687412518964,N/A,Tschermakitic pargasite
62,Blatter et al. (2013),2359,1035,900.0,4.1,,,,40.4,3.03,15.3,0.08,12.1,0.15,13.6,10.3,2.94,0.34,,,1308.15,9.0,4.1,0.6723919845549563,0.33743549027391817,0.16841577819224451,0.18366946628862854,0.30011474975726016,0.09487084335016699,0.007219066829449547,0.00211455234926766,0.03792335227414954,0.0010526994503592996,0.0,0.0,5.75280780132694,2.8870087173588517,1.4409208094474302,1.571427326323843,2.567702342316868,0.8116898182606149,0.061764424515330534,0.01809155006395969,0.3244621616951562,0.009006617790793415,0.0,0.0,1.5194486068521558,5.75280780132694,2.2471921986730603,0.0,0.009006617790793415,1.2524422184245125,2.8870087173588517,0.18847859102291764,0.01809155006395969,1.571427326323843,0.42857267367615703,0.3831171445844579,0.061764424515330534,0.3205101436438076,0.3244621616951562,44.74755778157549,98.24,1.9869712551143575,1.2524422184245125,0.18847859102291764,11.688285375470459,1.5827316368981255,-0.0,101.39798826748294,,,True,0.9387158612200258,0.6670646320549651,0.42857267367615703,2.0,0.44488156909978843,N/A,Tschermakitic pargasite
63,Blatter et al. (2013),2358,995,900.0,5.92018018018018,,,,40.6,2.67,15.0,0.08,12.7,0.18,13.0,10.1,2.78,0.26,,,1268.15,9.0,5.92018018018018,0.6757206577458225,0.3225486304088924,0.17676697380508308,0.18010306888496586,0.29423014682084325,0.08970780425628035,0.005520462869579065,0.002537462819121192,0.03341760744949811,0.0010526994503592996,0.0,0.0,5.8318523122036705,2.7837775188394493,1.5255991852393425,1.5543915768620122,2.5393729529911924,0.7742292020787892,0.04764472386827546,0.021899742503342545,0.2884128952381062,0.009085392984896306,0.0,0.0,1.5062741784996199,5.8318523122036705,2.1681476877963295,0.0,0.009085392984896306,1.280354159469269,2.7837775188394493,0.24524502577007357,0.021899742503342545,1.5543915768620122,0.44560842313798776,0.32862077894080144,0.04764472386827546,0.3712252651948629,0.2884128952381062,44.71964584053073,97.37,1.969743156499503,1.280354159469269,0.24524502577007357,11.845168429088172,2.041566262891849,-0.0,100.52647784847953,,,True,0.9190349288728424,0.645981474816213,0.44560842313798776,2.0,0.3762655028090769,N/A,Tschermakitic pargasite
64,Almeev et al. (2013),AB86,990,701.0,5.21,2.424584510065235,-7.8,,41.8,2.13,13.8,,11.1,0.16,14.8,11.0,2.37,0.44,,,1263.15,7.01,5.21,0.6956926968910192,0.36720921000396983,0.15449711883751355,0.19615185720144795,0.2706917350751758,0.07647751657819585,0.009342321779287649,0.0022555225058855043,0.026658990212520963,0.0,0.0,0.0,5.96174925520306,3.146804967233704,1.3239654336990285,1.6809263541264656,2.3196969828574407,0.6553752533803902,0.08005917003073035,0.019328734769890943,0.22845462623687662,0.0,0.0,0.0,1.5170052735260848,5.96174925520306,2.0382507447969402,0.0,0.0,1.202608122598626,3.146804967233704,0.12135731110040249,0.019328734769890943,1.6809263541264656,0.3190736458735344,0.3363016075068558,0.08005917003073035,0.2814462380605005,0.22845462623687662,44.797391877401374,97.6,1.9837761269187264,1.202608122598626,0.12135731110040249,11.205166542685435,1.0174481288766715,-0.0,100.70639079848083,,,True,0.9628668037982917,0.7038619041087839,0.3190736458735344,2.0,0.41636077753758616,N/A,Tschermakitic pargasite
65,Almeev et al. (2013),AB87,990,701.0,5.23,2.424584510065235,-7.8,,42.18,2.0,13.73,,11.0,0.17,14.74,11.11,2.23,0.41,,,1263.15,7.01,5.23,0.7020171759536649,0.36572052401746724,0.15310525290204047,0.1981133757734624,0.26931866105667857,0.07195985737104503,0.008705345294336218,0.0023964926625033483,0.02503191569250795,0.0,0.0,0.0,6.013628946806944,3.1328400572039645,1.311532270573218,1.697081456279881,2.3070411259462222,0.6164234952040226,0.07457184560029226,0.020528867582852113,0.21442873188679984,0.0,0.0,0.0,1.5175900222848624,6.013628946806944,1.9863710531930563,0.0,0.0,1.1516852633022197,3.1328400572039645,0.15984700727099832,0.020528867582852113,1.697081456279881,0.30291854372011895,0.31350495148390367,0.07457184560029226,0.32067007275316595,0.21442873188679984,44.84831473669778,97.57,1.9845407983725125,1.1516852633022197,0.15984700727099832,10.734834785003635,1.3406586474707878,-0.0,100.63003423084693,,,True,0.9514539328697224,0.7049004507619255,0.30291854372011895,2.0,0.38807679708419596,N/A,Tschermakitic pargasite
66,Andujar et al. (2015),s0968-54,975,400.0,6.4,,,,41.940000000000005,2.668333333333333,12.515,,12.040000000000001,0.18666666666666665,13.393333333333333,10.723333333333331,2.4699999999999998,0.29833333333333334,,,1248.15,4.0,6.4,0.6980227681246256,0.33230779409818706,0.16758065863096067,0.19121834079304786,0.24548601916419024,0.07970441601187499,0.006334377267017004,0.002631442923533088,0.03339674751975435,0.0,0.0,0.0,6.133662298065929,2.9200534439438117,1.4725639544557965,1.680272881029627,2.1571335624124655,0.700378259572924,0.0556614093388588,0.0231230025532714,0.29346373856872676,0.0,0.0,0.0,1.4794254304612509,6.133662298065929,1.8663377019340706,0.0,0.0,0.8720289333471811,2.9200534439438117,0.6005350211086153,0.0231230025532714,1.680272881029627,0.319727118970373,0.380651140602551,0.0556614093388588,0.2907958604783949,0.29346373856872676,45.12797106665282,96.235,1.9346332552185588,0.8720289333471811,0.6005350211086153,7.923755514024718,4.9101036544248595,-0.0,98.96349242366813,,,True,0.8294219767320427,0.6647638933925123,0.319727118970373,2.0,0.4363125499414098,N/A,Tschermakitic pargasite
67,Riker et al. (2015),DSB6,885,200.0,6.52,,,,45.18,1.5,9.48,,13.02,0.21,14.65,10.31,1.92,0.24,,,1158.15,2.0,6.52,0.7519472738166566,0.3634874950377134,0.181220944798597,0.18384778615881167,0.18595345279077297,0.061956469126639664,0.005095811879611445,0.002960373288974724,0.018773936769380963,0.0,0.0,0.0,6.498060258383363,3.1411293426669045,1.5660467966129932,1.5887470231345282,1.606943443462116,0.5354057176617095,0.044036189520350204,0.025582490540096946,0.1622376683345245,0.0,0.0,0.0,1.5043434765020958,6.498060258383363,1.5019397416166367,0.0,0.0,1.3155247496510043,3.1411293426669045,0.2505220469619889,0.025582490540096946,1.5887470231345282,0.4112529768654718,0.12415274079623773,0.044036189520350204,0.10500370184547925,0.1622376683345245,44.684475250348996,96.50999999999999,1.9672183923488946,1.3155247496510043,0.2505220469619889,12.154948489155938,2.0828222109962664,-0.0,99.6949890925011,,,True,0.9261356731036557,0.667306523003287,0.4112529768654718,2.0,0.16818893031658794,N/A,Tschermakitic pargasite
68,Iacovino et al. (2016),KI-04-31,1000,400.0,2.72,2.7,-7.483806687775695,,39.940999999999995,4.866042857142857,11.911857142857144,0.057428571428571426,10.92307142857143,0.15535714285714283,14.150685714285716,11.567000000000002,2.636071428571429,1.2059,,,1273.15,4.0,2.72,0.6647526795819185,0.3510987920376567,0.1520345103216801,0.2062625938408317,0.23365516507011788,0.0850633739999493,0.02560433144009767,0.002190072076027219,0.060903187278065256,0.0007556878197222114,0.0,0.0,5.89725894071237,3.114723045147546,1.3487525553943513,1.829829292944538,2.0728385963332903,0.7546276355950261,0.22714518819396712,0.01942891323022404,0.5402939720669304,0.006703977115289039,0.0,0.0,1.4653900941851878,5.89725894071237,2.0728385963332903,0.029902462954339626,0.006703977115289039,0.40392019131474655,3.114723045147546,0.9448323640796048,0.01942891323022404,1.829829292944538,0.1701707070554619,0.5844569285395642,0.22714518819396712,0.0,0.5103915091125908,45.59607980868525,97.41441428571429,1.9162793539344765,0.40392019131474655,0.9448323640796048,3.635431009656136,7.651864205625179,-0.0,99.69491742635863,,,True,0.7672571824165643,0.6978245931868423,0.1701707070554619,2.0,0.8116021167335313,N/A,kaersutite
69,Iacovino et al. (2016),KI-04-33,1000,400.0,4.3,3.2,-6.983806687775695,,40.134433333333334,4.3516,11.744666666666667,0.08836666666666666,10.639933333333333,0.13593333333333332,14.755166666666668,11.637633333333333,2.6146999999999996,1.2580333333333333,,,1273.15,4.0,4.3,0.6679720613363513,0.3660968307529443,0.14809360762371368,0.2075221265238919,0.23037566651301317,0.0843737394924087,0.026711255020613268,0.0019162543289585594,0.0544644421637588,0.001162794267876043,0.0,0.0,5.9069077939332635,3.2374111854057412,1.3095986130828963,1.8351277508900696,2.037222660684105,0.7461208757952004,0.2362088620163866,0.016945525548236997,0.48163157792214445,0.0102826434236137,0.0,0.0,1.4700816569866157,5.9069077939332635,2.037222660684105,0.05586954538263145,0.0102826434236137,0.5228307125897445,3.2374111854057412,0.7867679004931518,0.016945525548236997,1.8351277508900696,0.16487224910993037,0.58124862668527,0.2362088620163866,0.0,0.425762032539513,45.477169287410256,97.36046666666665,1.922414474520959,0.5228307125897445,0.7867679004931518,4.720735225359197,6.392155524926388,-0.0,99.75583855813987,,,True,0.8044898391202167,0.7119868504531948,0.16487224910993037,2.0,0.8174574887016566,N/A,Mg-hastingsite
70,Ulmer et al. (2018),ZP1060,1060,1000.0,,,,,42.28,1.94,15.32,0.15,7.51,0.11,15.61,11.15,2.4,0.71,,,1333.15,10.0,,0.7036815125490979,0.3873064708217546,0.10452913175402945,0.198826655254195,0.3005070566196879,0.07744558640829959,0.015075110143850523,0.0015506717227962842,0.02428095822173271,0.0019738114694236868,0.0,0.0,6.003203759885608,3.3041647682948825,0.8917523987381784,1.696217540323943,2.5636670283356304,0.6606989486318369,0.12860783789589575,0.013228993728877352,0.20714419391565417,0.016838857101170265,0.0,0.0,1.5238296131585225,6.003203759885608,1.9967962401143922,0.0,0.016838857101170265,0.8170563397850543,3.3041647682948825,0.07469605895312403,0.013228993728877352,1.696217540323943,0.303782459676057,0.3569164889557799,0.12860783789589575,0.5668707882212383,0.20714419391565417,45.182943660214946,97.18,1.9927002633611448,0.8170563397850543,0.07469605895312403,7.647077750141144,0.6290618377160805,-0.0,99.93883985121838,,,True,0.9778931235193957,0.7874714005927963,0.303782459676057,2.0,0.4855243268516756,N/A,Tschermakitic pargasite
71,Ulmer et al. (2018),rk70,1020,1000.0,,,,,41.59,1.86,15.72,,10.32,0.24,14.02,11.13,2.47,0.42,,,1293.15,10.0,,0.6921975900406099,0.34785629217943626,0.1436405645408234,0.19847001551382873,0.3083531938682438,0.079704416011875,0.008917670789320029,0.0033832837588282563,0.023279681594032393,0.0,0.0,0.0,5.925137175630375,2.977612575115147,1.229547835957411,1.6988820592396638,2.6394702878204224,0.6822612577229038,0.07633430609131887,0.02896054632892277,0.1992715791477216,0.0,0.0,0.0,1.518710605981974,5.925137175630375,2.0748628243696254,0.0,0.0,0.9553525203298392,2.977612575115147,0.2741953156275718,0.02896054632892277,1.6988820592396638,0.30111794076033616,0.38114331696256765,0.07633430609131887,0.5646074634507969,0.1992715791477216,45.04464747967016,97.77,1.9860061770533504,0.9553525203298392,0.2741953156275718,8.91139659517989,2.301411603943936,-0.0,100.64881437617717,,,True,0.9156791160978008,0.7077487626282463,0.30111794076033616,2.0,0.4574776230538865,N/A,Tschermakitic pargasite
